[Server] INFO: API Server listening on port 3000
[Server] INFO: Health check available at http://localhost:3000/health
[BatchRating] INFO: New batch job submitted: ddccc174-ab00-4bcf-887a-ec13369506b2
[BatchRating] INFO: Images: 1, Folder: /Users/leonmao/Pictures/SortByArtist/yd_(orange_maru) - [[butcha-u - sohn_woohyoung]] - yoshio_(55level)
[BatchRating] INFO: Starting processing for job ddccc174-ab00-4bcf-887a-ec13369506b2
[VisionAnalysisService] INFO: START detailed analysis: /Users/leonmao/Pictures/SortByArtist/yd_(orange_maru) - [[butcha-u - sohn_woohyoung]] - yoshio_(55level)/1girl, masterpiece, best quality, realistic, [dynamic angle], Bismarck Zwei (azu s-223772191.png
[VisionAnalysisService] INFO: Detailed analysis complete: 9/10 (67% confidence)
[BatchRating] INFO: Processed 1girl, masterpiece, best quality, realistic, [dynamic angle], Bismarck Zwei (azu s-223772191.png: 9/10
[BatchRating] INFO: Job ddccc174-ab00-4bcf-887a-ec13369506b2 completed successfully
[FolderOperationsService] INFO: Successfully selected folder: /Users/leonmao/Pictures/SortByArtist
[FolderOperationsRoutes] INFO: Folder selected: /Users/leonmao/Pictures/SortByArtist
[RatingsService] INFO: Loaded ratings from: /Users/leonmao/Pictures/SortByArtist/.image-ratings.json
[RatingsService] INFO: Total entries: 976
[ArtistGallery] Serving image: /Users/leonmao/Pictures/SortByArtist/{laserflip} - [butcha-u] - {cor369} - mikerss - pija_(pianiishimo) - hero_neisan - {{jabara_tornado}}/1girl, {{{Miyajima Tsubaki (Saimin Seishidou), purple eyes, black hair, large br s-1862446013.png
[ArtistGallery] Serving image: /Users/leonmao/Pictures/SortByArtist/{laserflip} - [butcha-u] - {cor369} - mikerss - pija_(pianiishimo) - hero_neisan - {{sohn_woohyoung}}/1girl, {{{Miyajima Tsubaki (Saimin Seishidou), purple eyes, black hair, large br s-3760933757.png
[ArtistGallery] Serving image: /Users/leonmao/Pictures/SortByArtist/{laserflip} - [butcha-u] - {cor369} - mikerss - pija_(pianiishimo) - hero_neisan - {{jabara_tornado}}/1girl, {{{Miyajima Tsubaki (Saimin Seishidou), purple eyes, black hair, large br s-1862446013.png
[ArtistGallery] Serving image: /Users/leonmao/Pictures/SortByArtist/{laserflip} - [butcha-u] - {cor369} - pija_(pianiishimo) - hero_neisan - {{{jabara_tornado - sohn_woohyoung}}}/1girl, {{{ayase momo, brown eyes, brown hair, large breasts, wide hips, nude, na s-4118771001.png
[ArtistGallery] Serving image: /Users/leonmao/Pictures/SortByArtist/{laserflip} - [butcha-u] - {cor369} - poper - pija_(pianiishimo) - {{{hero_neisan - sohn_woohyoung}}}/1girl, {{asuna (blue archive), blue eyes, blonde hair, long hair, large breasts, s-3102755673.png
[ArtistGallery] Serving image: /Users/leonmao/Pictures/SortByArtist/{laserflip} - [butcha-u] - {cor369} - mikerss - pija_(pianiishimo) - hero_neisan - {{sohn_woohyoung}}/1girl, {{{Miyajima Tsubaki (Saimin Seishidou), purple eyes, black hair, large br s-3760933757.png
[ArtistGallery] Serving image: /Users/leonmao/Pictures/SortByArtist/{laserflip} - [butcha-u] - {cor369} - sohn_woohyoung - pija_(pianiishimo) - {{{hero_neisan - yd_(orange_maru)}}}/1girl, {{{shiranui mizuki (taimanins), red eyes, brown hair, long hair, large br s-1925721642.png
[ArtistGallery] Serving image: /Users/leonmao/Pictures/SortByArtist/{laserflip} - [butcha-u] - {cor369} - poper - pija_(pianiishimo) - {{{hero_neisan - sohn_woohyoung}}}/1girl, {{asuna (blue archive), blue eyes, blonde hair, long hair, large breasts, s-3102755673.png
[ArtistGallery] Serving image: /Users/leonmao/Pictures/SortByArtist/{laserflip} - [butcha-u] - {cor369} - yd_(orange_maru) - chamchami - {{hero_neisan}} - {{sohn_woohyoung}}/1girl, {{{{kugisaki nobara, brown eyes, brown hair, large breasts, wide hips, nu s-3510099818.png
[ArtistGallery] Serving image: /Users/leonmao/Pictures/SortByArtist/{laserflip} - [butcha-u] - {cor369} - pija_(pianiishimo) - hero_neisan - {{{jabara_tornado - sohn_woohyoung}}}/1girl, {{{ayase momo, brown eyes, brown hair, large breasts, wide hips, nude, na s-4118771001.png
[ArtistGallery] Serving image: /Users/leonmao/Pictures/SortByArtist/{laserflip} - [butcha-u] - {cor369} - sohn_woohyoung - pija_(pianiishimo) - {{{hero_neisan - yd_(orange_maru)}}}/1girl, {{{shiranui mizuki (taimanins), red eyes, brown hair, long hair, large br s-1925721642.png
[ArtistGallery] Serving image: /Users/leonmao/Pictures/SortByArtist/{laserflip} - [butcha-u] - {cor369} - yd_(orange_maru) - chamchami - {{hero_neisan}} - {{sohn_woohyoung}}/1girl, {{{{kugisaki nobara, brown eyes, brown hair, large breasts, wide hips, nu s-3510099818.png
[ArtistGallery] Serving image: /Users/leonmao/Pictures/SortByArtist/{laserflip} - [butcha-u] - {cor369} - yd_(orange_maru) - chamchami - {{hero_neisan}} - {{{sohn_woohyoung}}}/1girl, {{{{kugisaki nobara, brown eyes, brown hair, large breasts, wide hips, nu s-1278382884.png
[ArtistGallery] Serving image: /Users/leonmao/Pictures/SortByArtist/{laserflip} - [butcha-u] - {cor369} - yd_(orange_maru) - chamchami - {{hero_neisan}} - {{{sohn_woohyoung}}}/1girl, {{{{kugisaki nobara, brown eyes, brown hair, large breasts, wide hips, nu s-1278382884.png
[ArtistGallery] Serving image: /Users/leonmao/Pictures/SortByArtist/{laserflip} - [butcha-u] - {cor369} - yd_(orange_maru) - chamichami - hero_neisan - {{{sohn_woohyoung}}}/4c097b84-f76e-46d8-9dc7-687794801c96.png
[ArtistGallery] Serving image: /Users/leonmao/Pictures/SortByArtist/{laserflip} - [butcha-u] - {cor369} - yd_(orange_maru) - chamichami - hero_neisan - {{{sohn_woohyoung}}}/4c097b84-f76e-46d8-9dc7-687794801c96.png
[ArtistGallery] Serving image: /Users/leonmao/Pictures/SortByArtist/{laserflip} - [butcha-u] - {cor369} - yd_(orange_maru) - chamichami - {{hero_neisan}} - {{{sohn_woohyoung}}}/5cf7a8eb-61d8-48b8-b75d-791fab52d6ce.png
[ArtistGallery] Serving image: /Users/leonmao/Pictures/SortByArtist/{laserflip} - [butcha-u] - {cor369} - yd_(orange_maru) - chamichami - {{hero_neisan}} - {{{sohn_woohyoung}}}/5cf7a8eb-61d8-48b8-b75d-791fab52d6ce.png
[ArtistGallery] Serving image: /Users/leonmao/Pictures/SortByArtist/{laserflip} - [butcha-u] - {cor369} - yd_(orange_maru) - chamichami - {{{hero_neisan - sohn_woohyoung}}}/0fafe73f-93ae-40a9-8130-3ec229a64a1f.png
[ArtistGallery] Serving image: /Users/leonmao/Pictures/SortByArtist/{laserflip} - [butcha-u] - {cor369} - yd_(orange_maru) - handplug - {{{hero_neisan - sohn_woohyoung}}}/1girl, {{asuna (blue archive), blue eyes, blonde hair, long hair, large breasts, s-2462198421.png
[ArtistGallery] Serving image: /Users/leonmao/Pictures/SortByArtist/{laserflip} - [butcha-u] - {cor369} - yd_(orange_maru) - hero_neisan - {{{sohn_woohyoung - poper}}}/1girl, {{asuna (blue archive), blue eyes, blonde hair, long hair, large breasts, s-1892234758.png
[ArtistGallery] Serving image: /Users/leonmao/Pictures/SortByArtist/{laserflip} - [butcha-u] - {cor369} - yd_(orange_maru) - chamichami - {{{hero_neisan - sohn_woohyoung}}}/0fafe73f-93ae-40a9-8130-3ec229a64a1f.png
[ArtistGallery] Serving image: /Users/leonmao/Pictures/SortByArtist/{laserflip} - [butcha-u] - {cor369} - yd_(orange_maru) - handplug - {{{hero_neisan - sohn_woohyoung}}}/1girl, {{asuna (blue archive), blue eyes, blonde hair, long hair, large breasts, s-2462198421.png
[ArtistGallery] Serving image: /Users/leonmao/Pictures/SortByArtist/{laserflip} - [butcha-u] - {cor369} - yd_(orange_maru) - hero_neisan - {{{sohn_woohyoung - poper}}}/1girl, {{asuna (blue archive), blue eyes, blonde hair, long hair, large breasts, s-1892234758.png
[ArtistGallery] Serving image: /Users/leonmao/Pictures/SortByArtist/{laserflip} - [butcha-u] - {cor369} - yd_(orange_maru) - janong - {{{hero_neisan - sohn_woohyoung}}}/1girl, {{ayase momo, brown eyes, brown hair, large breasts, wide hips, nude, nak s-3833719354.png
[ArtistGallery] Serving image: /Users/leonmao/Pictures/SortByArtist/{laserflip} - [butcha-u] - {cor369} - yd_(orange_maru) - jewel - {{{hero_neisan - sohn_woohyoung}}}/1girl, {{ayase momo, brown eyes, brown hair, large breasts, wide hips, nude, nak s-75373138.png
[ArtistGallery] Serving image: /Users/leonmao/Pictures/SortByArtist/{laserflip} - [butcha-u] - {cor369} - yd_(orange_maru) - janong - {{{hero_neisan - sohn_woohyoung}}}/1girl, {{ayase momo, brown eyes, brown hair, large breasts, wide hips, nude, nak s-3833719354.png
[ArtistGallery] Serving image: /Users/leonmao/Pictures/SortByArtist/{laserflip} - [butcha-u] - {cor369} - yd_(orange_maru) - jewel - {{{hero_neisan - sohn_woohyoung}}}/1girl, {{ayase momo, brown eyes, brown hair, large breasts, wide hips, nude, nak s-75373138.png
[ArtistGallery] Serving image: /Users/leonmao/Pictures/SortByArtist/{laserflip} - [butcha-u] - {cor369} - yd_(orange_maru) - moisture_(chichi) - {{{hero_neisan - sohn_woohyoung}}}/1girl, {{asuna (blue archive), blue eyes, blonde hair, long hair, large breasts, s-2315004553.png
[ArtistGallery] Serving image: /Users/leonmao/Pictures/SortByArtist/{laserflip} - [butcha-u] - {cor369} - yd_(orange_maru) - moisture_(chichi) - {{{hero_neisan - sohn_woohyoung}}}/1girl, {{asuna (blue archive), blue eyes, blonde hair, long hair, large breasts, s-2315004553.png
[ArtistGallery] Serving image: /Users/leonmao/Pictures/SortByArtist/{laserflip} - [butcha-u] - {cor369} - yd_(orange_maru) - pija_(pianiishimo) - hero_neisan - {{{sohn_woohyoung}}}/14e37361-58c4-4648-a0c1-0ecc722ade20.png
[ArtistGallery] Serving image: /Users/leonmao/Pictures/SortByArtist/{laserflip} - [butcha-u] - {cor369} - yd_(orange_maru) - pija_(pianiishimo) - hero_neisan - {{{sohn_woohyoung}}}/14e37361-58c4-4648-a0c1-0ecc722ade20.png
[ArtistGallery] Serving image: /Users/leonmao/Pictures/SortByArtist/{laserflip} - [butcha-u] - {cor369} - yd_(orange_maru) - pija_(pianiishimo) - hero_neisan - {{{sohn_woohyoung}}}}/1girl, {{{Miyajima Tsubaki (Saimin Seishidou), purple eyes, black hair, large br s-1446078879.png
[ArtistGallery] Serving image: /Users/leonmao/Pictures/SortByArtist/{laserflip} - [butcha-u] - {cor369} - yd_(orange_maru) - pija_(pianiishimo) - {{hero_neisan}} - {{{sohn_woohyoung}}}/1girl, {{kugisaki nobara, brown eyes, brown hair, large breasts, wide hips, nude s-4131651280.png
[ArtistGallery] Serving image: /Users/leonmao/Pictures/SortByArtist/{laserflip} - [butcha-u] - {cor369} - yd_(orange_maru) - pija_(pianiishimo) - {{{hero_neisan - handplug}}} - sohn_woohyoung/1girl, {{{Miyajima Tsubaki (Saimin Seishidou), purple eyes, black hair, large br s-33669387.png
[ArtistGallery] Serving image: /Users/leonmao/Pictures/SortByArtist/{laserflip} - [butcha-u] - {cor369} - yd_(orange_maru) - pija_(pianiishimo) - hero_neisan - {{{sohn_woohyoung}}}}/1girl, {{{Miyajima Tsubaki (Saimin Seishidou), purple eyes, black hair, large br s-1446078879.png
[ArtistGallery] Serving image: /Users/leonmao/Pictures/SortByArtist/{laserflip} - [butcha-u] - {cor369} - yd_(orange_maru) - pija_(pianiishimo) - {{hero_neisan}} - {{{sohn_woohyoung}}}/1girl, {{kugisaki nobara, brown eyes, brown hair, large breasts, wide hips, nude s-4131651280.png
[ArtistGallery] Serving image: /Users/leonmao/Pictures/SortByArtist/{laserflip} - [butcha-u] - {cor369} - yd_(orange_maru) - pija_(pianiishimo) - {{{hero_neisan - piko_(simplifypm)}}}/1girl, {{ayase momo, brown eyes, brown hair, large breasts, wide hips, nude, nak s-4187432522.png
[ArtistGallery] Serving image: /Users/leonmao/Pictures/SortByArtist/{laserflip} - [butcha-u] - {cor369} - yd_(orange_maru) - pija_(pianiishimo) - {{{hero_neisan - handplug}}} - sohn_woohyoung/1girl, {{{Miyajima Tsubaki (Saimin Seishidou), purple eyes, black hair, large br s-33669387.png
[ArtistGallery] Serving image: /Users/leonmao/Pictures/SortByArtist/{laserflip} - [butcha-u] - {cor369} - yd_(orange_maru) - pija_(pianiishimo) - {{{hero_neisan - poper}}}/1girl, {{{Miyajima Tsubaki (Saimin Seishidou), purple eyes, black hair, large br s-1675499937.png
[ArtistGallery] Serving image: /Users/leonmao/Pictures/SortByArtist/{laserflip} - [butcha-u] - {cor369} - yd_(orange_maru) - pija_(pianiishimo) - {{{hero_neisan - piko_(simplifypm)}}}/1girl, {{ayase momo, brown eyes, brown hair, large breasts, wide hips, nude, nak s-4187432522.png
[ArtistGallery] Serving image: /Users/leonmao/Pictures/SortByArtist/{laserflip} - [butcha-u] - {cor369} - yd_(orange_maru) - pija_(pianiishimo) - {{{hero_neisan - poper}}}/1girl, {{{Miyajima Tsubaki (Saimin Seishidou), purple eyes, black hair, large br s-1675499937.png
[ArtistGallery] Serving image: /Users/leonmao/Pictures/SortByArtist/{laserflip} - [butcha-u] - {cor369} - yd_(orange_maru) - pija_(pianiishimo) - {{{hero_neisan - sohn_woohyoung}}}/1girl, {kugisaki nobara, brown eyes, brown hair, large breasts, wide hips, nude, s-3161661095.png
[ArtistGallery] Serving image: /Users/leonmao/Pictures/SortByArtist/{laserflip} - [butcha-u] - {cor369} - yd_(orange_maru) - pija_(pianiishimo) - {{{hero_neisan - sohn_woohyoung}}} - moisture_(chichi)/1girl, {{{Miyajima Tsubaki (Saimin Seishidou), purple eyes, black hair, large br s-1115284416.png
[ArtistGallery] Serving image: /Users/leonmao/Pictures/SortByArtist/{laserflip} - [butcha-u] - {cor369} - yd_(orange_maru) - pija_(pianiishimo) - {{{hero_neisan - sohn_woohyoung}}}/1girl, {kugisaki nobara, brown eyes, brown hair, large breasts, wide hips, nude, s-3161661095.png
[ArtistGallery] Serving image: /Users/leonmao/Pictures/SortByArtist/{laserflip} - [butcha-u] - {cor369} - yd_(orange_maru) - pija_(pianiishimo) - {{{limgae - sohn_woohyoung}}}/1girl, {{{Miyajima Tsubaki (Saimin Seishidou), purple eyes, black hair, large br s-2052140920.png
[ArtistGallery] Serving image: /Users/leonmao/Pictures/SortByArtist/{laserflip} - [butcha-u] - {cor369} - yd_(orange_maru) - pija_(pianiishimo) - {{{hero_neisan - sohn_woohyoung}}} - moisture_(chichi)/1girl, {{{Miyajima Tsubaki (Saimin Seishidou), purple eyes, black hair, large br s-1115284416.png
[ArtistGallery] Serving image: /Users/leonmao/Pictures/SortByArtist/{laserflip} - [butcha-u] - {cor369} - yd_(orange_maru) - pija_(pianiishimo) - {{{limgae - sohn_woohyoung}}}/1girl, {{{Miyajima Tsubaki (Saimin Seishidou), purple eyes, black hair, large br s-2052140920.png
[ArtistGallery] Serving image: /Users/leonmao/Pictures/SortByArtist/{laserflip} - [butcha-u] - {cor369} - yd_(orange_maru) - piko - {{{hero_neisan - sohn_woohyoung}}}/1girl, {{ayase momo, brown eyes, brown hair, large breasts, wide hips, nude, nak s-1816570460.png
[ArtistGallery] Serving image: /Users/leonmao/Pictures/SortByArtist/{laserflip} - [butcha-u] - {cor369} - yd_(orange_maru) - piko - {{{hero_neisan - sohn_woohyoung}}}/1girl, {{ayase momo, brown eyes, brown hair, large breasts, wide hips, nude, nak s-1816570460.png
[ArtistGallery] Serving image: /Users/leonmao/Pictures/SortByArtist/{laserflip} - [butcha-u] - {cor369} - yd_(orange_maru) - ponchi - {{{hero_neisan - sohn_woohyoung}}}/1girl, {{ayase momo, brown eyes, brown hair, large breasts, wide hips, nude, nak s-4081223063.png
[ArtistGallery] Serving image: /Users/leonmao/Pictures/SortByArtist/{laserflip} - [butcha-u] - {cor369} - yd_(orange_maru) - ponchi - {{{hero_neisan - sohn_woohyoung}}}/1girl, {{ayase momo, brown eyes, brown hair, large breasts, wide hips, nude, nak s-4081223063.png
[ArtistGallery] Serving image: /Users/leonmao/Pictures/SortByArtist/{laserflip} - [butcha-u] - {cor369} - yd_(orange_maru) - poper - {{{hero_neisan - sohn_woohyoung}}}/1girl, {{asuna (blue archive), blue eyes, blonde hair, long hair, large breasts, s-3314426692.png
[ArtistGallery] Serving image: /Users/leonmao/Pictures/SortByArtist/{laserflip} - [butcha-u] - {cor369} - yd_(orange_maru) - poper - {{{hero_neisan - sohn_woohyoung}}}/1girl, {{asuna (blue archive), blue eyes, blonde hair, long hair, large breasts, s-3314426692.png
[ArtistGallery] Serving image: /Users/leonmao/Pictures/SortByArtist/{laserflip} - [butcha-u] - {cor369} - yd_(orange_maru) - sohn_woohyoung - hero_neisan - {{{limgae}}}/1girl, {{{Miyajima Tsubaki (Saimin Seishidou), purple eyes, black hair, large br s-3825916619.png
[ArtistGallery] Serving image: /Users/leonmao/Pictures/SortByArtist/{laserflip} - [butcha-u] - {cor369} - yd_(orange_maru) - sohn_woohyoung - hero_neisan - {{{mikerss}}}/1girl, {{{Miyajima Tsubaki (Saimin Seishidou), purple eyes, black hair, large br s-3586059733.png
[ArtistGallery] Serving image: /Users/leonmao/Pictures/SortByArtist/{laserflip} - [butcha-u] - {cor369} - yd_(orange_maru) - sohn_woohyoung - hero_neisan - {{{limgae}}}/1girl, {{{Miyajima Tsubaki (Saimin Seishidou), purple eyes, black hair, large br s-3825916619.png
[ArtistGallery] Serving image: /Users/leonmao/Pictures/SortByArtist/{laserflip} - [butcha-u] - {cor369} - yd_(orange_maru) - sohn_woohyoung - hero_neisan - {{{mikerss}}}/1girl, {{{Miyajima Tsubaki (Saimin Seishidou), purple eyes, black hair, large br s-3586059733.png
[ArtistGallery] Serving image: /Users/leonmao/Pictures/SortByArtist/{laserflip} - [butcha-u] - {cor369} - yd_(orange_maru) - sohn_woohyoung - {{{hero_neisan - poper}}}/1girl, {{{Miyajima Tsubaki (Saimin Seishidou), purple eyes, black hair, large br s-3864711841.png
[ArtistGallery] Serving image: /Users/leonmao/Pictures/SortByArtist/{laserflip} - [butcha-u] - {cor369} - yd_(orange_maru) - sohn_woohyoung - {{{hero_neisan - poper}}}/1girl, {{{Miyajima Tsubaki (Saimin Seishidou), purple eyes, black hair, large br s-3864711841.png
[ArtistGallery] Serving image: /Users/leonmao/Pictures/SortByArtist/{laserflip} - [butcha-u] - {cor369} - yd_(orange_maru) - {{hero_neisan}} - {{sohn_woohyoung}} - chamchami/1girl, {{{{kugisaki nobara, brown eyes, brown hair, large breasts, wide hips, nu s-1083530242.png
[ArtistGallery] Serving image: /Users/leonmao/Pictures/SortByArtist/{laserflip} - [butcha-u] - {cor369} - yd_(orange_maru) - {{{hero_neisan - moisture_(chichi) - sohn_woohyoung}}}/1girl, {{asuna (blue archive), blue eyes, blonde hair, long hair, large breasts, s-3665914454.png
[ArtistGallery] Serving image: /Users/leonmao/Pictures/SortByArtist/{laserflip} - [butcha-u] - {cor369} - {{jabara_tornado}} - pija_(pianiishimo) - hero_neisan - {{sohn_woohyoung}}/1girl, {{{Miyajima Tsubaki (Saimin Seishidou), purple eyes, black hair, large br s-4019629804.png
[ArtistGallery] Serving image: /Users/leonmao/Pictures/SortByArtist/{laserflip} - [butcha-u] - {cor369} - yd_(orange_maru) - {{hero_neisan}} - {{sohn_woohyoung}} - chamchami/1girl, {{{{kugisaki nobara, brown eyes, brown hair, large breasts, wide hips, nu s-1083530242.png
[ArtistGallery] Serving image: /Users/leonmao/Pictures/SortByArtist/{laserflip} - [butcha-u] - {jabara_tornado} - pija_(pianiishimo) - hero_neisan - {{{sohn_woohyoung}}}/1girl, {{{ayase momo, brown eyes, brown hair, large breasts, wide hips, nude, na s-3508054324.png
[ArtistGallery] Serving image: /Users/leonmao/Pictures/SortByArtist/{laserflip} - [butcha-u] - {wow369} - yd_(orange_maru) - jewel - {{{hero_neisan - sohn_woohyoung}}}/1girl, {{ayase momo, brown eyes, brown hair, large breasts, wide hips, nude, nak s-3422084908.png
[ArtistGallery] Serving image: /Users/leonmao/Pictures/SortByArtist/{laserflip} - [butcha-u] - {cor369} - {{jabara_tornado}} - pija_(pianiishimo) - hero_neisan - {{sohn_woohyoung}}/1girl, {{{Miyajima Tsubaki (Saimin Seishidou), purple eyes, black hair, large br s-4019629804.png
[ArtistGallery] Serving image: /Users/leonmao/Pictures/SortByArtist/{laserflip} - [butcha-u] - {cor369} - yd_(orange_maru) - {{{hero_neisan - moisture_(chichi) - sohn_woohyoung}}}/1girl, {{asuna (blue archive), blue eyes, blonde hair, long hair, large breasts, s-3665914454.png
[ArtistGallery] Serving image: /Users/leonmao/Pictures/SortByArtist/{laserflip} - [butcha-u] - {jabara_tornado} - pija_(pianiishimo) - hero_neisan - {{{sohn_woohyoung}}}/1girl, {{{ayase momo, brown eyes, brown hair, large breasts, wide hips, nude, na s-3508054324.png
[ArtistGallery] Serving image: /Users/leonmao/Pictures/SortByArtist/{laserflip} - [butcha-u] - {wow369} - yd_(orange_maru) - jewel - {{{hero_neisan - sohn_woohyoung}}}/1girl, {{ayase momo, brown eyes, brown hair, large breasts, wide hips, nude, nak s-3422084908.png
[ArtistGallery] Serving image: /Users/leonmao/Pictures/SortByArtist/{laserflip} - [butcha-u] - {wow369} - yd_(orange_maru) - pija_(pianiishimo) - {{{hero_neisan - sohn_woohyoung}}}/1girl, {{ayase momo, brown eyes, brown hair, large breasts, wide hips, nude, nak s-3331849962.png
[ArtistGallery] Serving image: /Users/leonmao/Pictures/SortByArtist/{laserflip} - [butcha-u] - {{cor369}} - yd_(orange_maru) - chamchami - {hero_neisan} - {{{sohn_woohyoung}}}/1girl, {{{{kugisaki nobara, brown eyes, brown hair, large breasts, wide hips, nu s-1437009357.png
[ArtistGallery] Serving image: /Users/leonmao/Pictures/SortByArtist/{laserflip} - [butcha-u] - {{cor369}} - yd_(orange_maru) - chamchami - {{hero_neisan}} - {{{sohn_woohyoung}}}/1girl, {{{{kugisaki nobara, brown eyes, brown hair, large breasts, wide hips, nu s-1253633516.png
[ArtistGallery] Serving image: /Users/leonmao/Pictures/SortByArtist/{laserflip} - [butcha-u] - {{cor369}} - yd_(orange_maru) - pija_(pianiishimo) - {{{hero_neisan - sohn_woohyoung}}}/1girl, {{kugisaki nobara (Jujutsu kaisen), brown eyes, brown hair, large breasts s-1405915726.png
[ArtistGallery] Serving image: /Users/leonmao/Pictures/SortByArtist/{laserflip} - butcha-u - cor369 - chamchami - {{{sohn_woohyoung}}}/1girl, {{kugisaki nobara, brown eyes, brown hair, large breasts, wide hips, nude s-2031015491.png
[ArtistGallery] Serving image: /Users/leonmao/Pictures/SortByArtist/{laserflip} - butcha-u - {cor369} - [jabara_tornado] - [pija_(pianiishimo)] - {hero_neisan} - {{sohn_woohyoung}}/1girl, {{asuna (blue archive), blue eyes, blonde hair, long hair, large breasts, s-2691276099.png
[ArtistGallery] Serving image: /Users/leonmao/Pictures/SortByArtist/{laserflip} - butcha-u - {cor369} - [jabara_tornado] - pija_(pianiishimo) - {hero_neisan} - {{sohn_woohyoung}}/1girl, {{asuna (blue archive), blue eyes, blonde hair, long hair, large breasts, s-3491719571.png
[ArtistGallery] Serving image: /Users/leonmao/Pictures/SortByArtist/{laserflip} - [butcha-u] - {{cor369}} - yd_(orange_maru) - chamchami - {hero_neisan} - {{{sohn_woohyoung}}}/1girl, {{{{kugisaki nobara, brown eyes, brown hair, large breasts, wide hips, nu s-1437009357.png
[ArtistGallery] Serving image: /Users/leonmao/Pictures/SortByArtist/{laserflip} - butcha-u - cor369 - chamchami - {{{sohn_woohyoung}}}/1girl, {{kugisaki nobara, brown eyes, brown hair, large breasts, wide hips, nude s-2031015491.png
[ArtistGallery] Serving image: /Users/leonmao/Pictures/SortByArtist/{laserflip} - [butcha-u] - {wow369} - yd_(orange_maru) - pija_(pianiishimo) - {{{hero_neisan - sohn_woohyoung}}}/1girl, {{ayase momo, brown eyes, brown hair, large breasts, wide hips, nude, nak s-3331849962.png
[ArtistGallery] Serving image: /Users/leonmao/Pictures/SortByArtist/{laserflip} - [butcha-u] - {{cor369}} - yd_(orange_maru) - pija_(pianiishimo) - {{{hero_neisan - sohn_woohyoung}}}/1girl, {{kugisaki nobara (Jujutsu kaisen), brown eyes, brown hair, large breasts s-1405915726.png
[ArtistGallery] Serving image: /Users/leonmao/Pictures/SortByArtist/{laserflip} - [butcha-u] - {{cor369}} - yd_(orange_maru) - chamchami - {{hero_neisan}} - {{{sohn_woohyoung}}}/1girl, {{{{kugisaki nobara, brown eyes, brown hair, large breasts, wide hips, nu s-1253633516.png
[ArtistGallery] Serving image: /Users/leonmao/Pictures/SortByArtist/{laserflip} - butcha-u - {cor369} - [jabara_tornado] - [pija_(pianiishimo)] - {hero_neisan} - {{sohn_woohyoung}}/1girl, {{asuna (blue archive), blue eyes, blonde hair, long hair, large breasts, s-2691276099.png
[ArtistGallery] Serving image: /Users/leonmao/Pictures/SortByArtist/{laserflip} - butcha-u - {cor369} - [jabara_tornado] - pija_(pianiishimo) - {hero_neisan} - {{sohn_woohyoung}}/1girl, {{asuna (blue archive), blue eyes, blonde hair, long hair, large breasts, s-3491719571.png
[ArtistGallery] Serving image: /Users/leonmao/Pictures/SortByArtist/{laserflip} - butcha-u - {cor369} - [jabara_tornado] - pija_(pianiishimo) - {hero_neisan} - {{sohn_woohyoung}} - ponchi/1girl, {{asuna (blue archive), blue eyes, blonde hair, long hair, large breasts, s-1572107121.png
[ArtistGallery] Serving image: /Users/leonmao/Pictures/SortByArtist/{laserflip} - butcha-u - {cor369} - [jabara_tornado] - pija_(pianiishimo) - {hero_neisan} - {{sohn_woohyoung}} - takeda hiromitsu/1girl, {{asuna (blue archive), blue eyes, blonde hair, long hair, large breasts, s-4001142534.png
[ArtistGallery] Serving image: /Users/leonmao/Pictures/SortByArtist/{laserflip} - butcha-u - {cor369} - jabara_tornado - pija_(pianiishimo) - {hero_neisan} - {{sohn_woohyoung}}/1girl, {{asuna (blue archive), blue eyes, blonde hair, long hair, large breasts, s-759498007.png
[ArtistGallery] Serving image: /Users/leonmao/Pictures/SortByArtist/{laserflip} - butcha-u - {cor369} - [jabara_tornado] - pija_(pianiishimo) - {hero_neisan} - {{sohn_woohyoung}} - ponchi/1girl, {{asuna (blue archive), blue eyes, blonde hair, long hair, large breasts, s-1572107121.png
[ArtistGallery] Serving image: /Users/leonmao/Pictures/SortByArtist/{laserflip} - butcha-u - {cor369} - yd orange maru - chamchami - {{hero_neisan}} - {{{sohn_woohyoung}}}/1girl, {{{{kugisaki nobara, brown eyes, brown hair, large breasts, wide hips, nu s-3883148789.png
[ArtistGallery] Serving image: /Users/leonmao/Pictures/SortByArtist/{laserflip} - butcha-u - {{cor369}} - yd orange maru - chamchami - {{{hero_neisan - sohn_woohyoung}}}/1girl, {{kugisaki nobara, brown eyes, brown hair, large breasts, wide hips, nude s-696031984.png
[ArtistGallery] Serving image: /Users/leonmao/Pictures/SortByArtist/{laserflip} - butcha-u - {cor369} - [jabara_tornado] - pija_(pianiishimo) - {hero_neisan} - {{sohn_woohyoung}} - takeda hiromitsu/1girl, {{asuna (blue archive), blue eyes, blonde hair, long hair, large breasts, s-4001142534.png
[ArtistGallery] Serving image: /Users/leonmao/Pictures/SortByArtist/{laserflip} - butcha-u - {cor369} - jabara_tornado - pija_(pianiishimo) - {hero_neisan} - {{sohn_woohyoung}}/1girl, {{asuna (blue archive), blue eyes, blonde hair, long hair, large breasts, s-759498007.png
[ArtistGallery] Serving image: /Users/leonmao/Pictures/SortByArtist/{laserflip} - butcha-u - {{{cor369}}} - yd orange maru - chamchami - {{{sohn_woohyoung}}}/1girl, {{kugisaki nobara, brown eyes, brown hair, large breasts, wide hips, nude s-4052415765.png
[ArtistGallery] Serving image: /Users/leonmao/Pictures/SortByArtist/{{aiue oka}} - [[yoshio (55level)]] - [[laserflip - kuroi_suna]]/1girl, {{{{kitagawa marin , pink eyes, blonde hair, medium breasts, medium hips, s-152772484.png
[ArtistGallery] Serving image: /Users/leonmao/Pictures/SortByArtist/{{aoyama akira}} - [[laserflip - hero_neisan - kuroi_suna]]/1girl, {{{{kitagawa marin , pink eyes, blonde hair, medium breasts, medium hips, s-1296366329.png
[ArtistGallery] Serving image: /Users/leonmao/Pictures/SortByArtist/{laserflip} - butcha-u - {cor369} - yd orange maru - chamchami - {{hero_neisan}} - {{{sohn_woohyoung}}}/1girl, {{{{kugisaki nobara, brown eyes, brown hair, large breasts, wide hips, nu s-3883148789.png
[ArtistGallery] Serving image: /Users/leonmao/Pictures/SortByArtist/{laserflip} - butcha-u - {{cor369}} - yd orange maru - chamchami - {{{hero_neisan - sohn_woohyoung}}}/1girl, {{kugisaki nobara, brown eyes, brown hair, large breasts, wide hips, nude s-696031984.png
[ArtistGallery] Serving image: /Users/leonmao/Pictures/SortByArtist/{{chihunhentai}}/1girl, {{kitagawa marin, pink eyes, blonde hair, large breasts, wide hips, nude, s-1381224474.png
[ArtistGallery] Serving image: /Users/leonmao/Pictures/SortByArtist/{laserflip} - butcha-u - {{{cor369}}} - yd orange maru - chamchami - {{{sohn_woohyoung}}}/1girl, {{kugisaki nobara, brown eyes, brown hair, large breasts, wide hips, nude s-4052415765.png
[ArtistGallery] Serving image: /Users/leonmao/Pictures/SortByArtist/{{aiue oka}} - [[yoshio (55level)]] - [[laserflip - kuroi_suna]]/1girl, {{{{kitagawa marin , pink eyes, blonde hair, medium breasts, medium hips, s-152772484.png
[ArtistGallery] Serving image: /Users/leonmao/Pictures/SortByArtist/{{aoyama akira}} - [[laserflip - hero_neisan - kuroi_suna]]/1girl, {{{{kitagawa marin , pink eyes, blonde hair, medium breasts, medium hips, s-1296366329.png
[ArtistGallery] Serving image: /Users/leonmao/Pictures/SortByArtist/{{chihunhentai}} - hero_neisan/1girl, {{kitagawa marin, pink eyes, blonde hair, large breasts, wide hips, nude, s-2126348705.png
[ArtistGallery] Serving image: /Users/leonmao/Pictures/SortByArtist/{{gorgeous_mushroom}}/{{asuna_(blue_archive)}},{{artist_gorgeous_mushroom}}, ciloranko,ask (askzy),nov s-731375870.png
[ArtistGallery] Serving image: /Users/leonmao/Pictures/SortByArtist/{{chihunhentai}}/1girl, {{kitagawa marin, pink eyes, blonde hair, large breasts, wide hips, nude, s-1381224474.png
[ArtistGallery] Serving image: /Users/leonmao/Pictures/SortByArtist/{{chihunhentai}} - hero_neisan/1girl, {{kitagawa marin, pink eyes, blonde hair, large breasts, wide hips, nude, s-2126348705.png
[ArtistGallery] Serving image: /Users/leonmao/Pictures/SortByArtist/{{haku89}}/1girl, {{kitagawa marin, pink eyes, blonde hair, large breasts, wide hips, nude, s-1296540037.png
[ArtistGallery] Serving image: /Users/leonmao/Pictures/SortByArtist/{{gorgeous_mushroom}}/{{asuna_(blue_archive)}},{{artist_gorgeous_mushroom}}, ciloranko,ask (askzy),nov s-731375870.png
[ArtistGallery] Serving image: /Users/leonmao/Pictures/SortByArtist/{{haku89}}/1girl, {{kitagawa marin, pink eyes, blonde hair, large breasts, wide hips, nude, s-1296540037.png
[ArtistGallery] Serving image: /Users/leonmao/Pictures/SortByArtist/{{hella p}} - [nyantcha] - terasu mc - {{{{yd orange maru}}}} - ratatatat74 - [Cutesexyrobutts] - varniskarnis/1girl,{{kitagawa marin}}, {{blonde hair}}, {{cow print bikini, fishnet thighhigh s-1442349853.png
[ArtistGallery] Serving image: /Users/leonmao/Pictures/SortByArtist/{{hella p}} - [nyantcha] - terasu mc - {{{{yd orange maru}}}} - ratatatat74 - [Cutesexyrobutts] - varniskarnis/1girl,{{kitagawa marin}}, {{blonde hair}}, {{cow print bikini, fishnet thighhigh s-1442349853.png
[ArtistGallery] Serving image: /Users/leonmao/Pictures/SortByArtist/{{hero_neisan}} - jasony/1girl, {{kitagawa marin, pink eyes, blonde hair, large breasts, wide hips, nude, s-3058227837.png
[ArtistGallery] Serving image: /Users/leonmao/Pictures/SortByArtist/{{hero_neisan}} - jasony/1girl, {{kitagawa marin, pink eyes, blonde hair, large breasts, wide hips, nude, s-3058227837.png
[ArtistGallery] Serving image: /Users/leonmao/Pictures/SortByArtist/{{laserflip}} - butcha-u - [cor369] - {{{aiue oka}}} - chamchami/1girl, {{{{kugisaki nobara, brown eyes, brown hair, large breasts, wide hips, nu s-838358794.png
[ArtistGallery] Serving image: /Users/leonmao/Pictures/SortByArtist/{{laserflip}} - butcha-u - [cor369] - {{{aiue oka}}} - chamchami/1girl, {{{{kugisaki nobara, brown eyes, brown hair, large breasts, wide hips, nu s-838358794.png
[ArtistGallery] Serving image: /Users/leonmao/Pictures/SortByArtist/{{laserflip}} - butcha-u - {cor369} - {{{aiue oka}}} - chamchami/1girl, {{{{Kurashiki Reika (Saimin Seishidou), blue eyes, blonde hair, large bre s-1795797904.png
[ArtistGallery] Serving image: /Users/leonmao/Pictures/SortByArtist/{{laserflip}} - sohn_woohyoung - {{{butcha-u}}}/1girl, {{{{kitagawa marin, pink eyes, blonde hair, large breasts, wide hips, nud s-1244695732.png
[ArtistGallery] Serving image: /Users/leonmao/Pictures/SortByArtist/{{neroma shin}} - [[laserflip - hero_neisan - kuroi_suna]]/1girl, {{{{kitagawa marin , pink eyes, blonde hair, medium breasts, medium hips, s-1645869630.png
[ArtistGallery] Serving image: /Users/leonmao/Pictures/SortByArtist/{{laserflip}} - butcha-u - {cor369} - {{{aiue oka}}} - chamchami/1girl, {{{{Kurashiki Reika (Saimin Seishidou), blue eyes, blonde hair, large bre s-1795797904.png
[ArtistGallery] Serving image: /Users/leonmao/Pictures/SortByArtist/{{neroma shin}} - [[laserflip - hero_neisan - kuroi_suna]]/1girl, {{{{kitagawa marin , pink eyes, blonde hair, medium breasts, medium hips, s-1645869630.png
[ArtistGallery] Serving image: /Users/leonmao/Pictures/SortByArtist/{{laserflip}} - sohn_woohyoung - {{{butcha-u}}}/1girl, {{{{kitagawa marin, pink eyes, blonde hair, large breasts, wide hips, nud s-1244695732.png
[ArtistGallery] Serving image: /Users/leonmao/Pictures/SortByArtist/{{niliu_chahui}}/1girl, {{kitagawa marin, pink eyes, blonde hair, large breasts, wide hips, nude, s-3136980919.png
[ArtistGallery] Serving image: /Users/leonmao/Pictures/SortByArtist/{{niliu_chahui}}/1girl, {{kitagawa marin, pink eyes, blonde hair, large breasts, wide hips, nude, s-3136980919.png
[ArtistGallery] Serving image: /Users/leonmao/Pictures/SortByArtist/{{obui}} - [[laserflip - hero_neisan - kuroi_suna]]/1girl, {{{{kitagawa marin , pink eyes, blonde hair, medium breasts, medium hips, s-1371672084.png
[ArtistGallery] Serving image: /Users/leonmao/Pictures/SortByArtist/{{sakimichan}} - [siu_(siu0207)] - hero_neisan - {laserflip} - butcha-u - [[jonsun]]/1girl, {{{kitagawa marin, pink eyes, blonde hair, large breasts, wide hips, nude s-36932629.png
[ArtistGallery] Serving image: /Users/leonmao/Pictures/SortByArtist/{{sakimichan}} - artist sohn_woohyoung - hero_neisan - laserflip - butcha-u/1girl, {{{kitagawa marin, pink eyes, blonde hair, large breasts, wide hips, nude s-486758236.png
[ArtistGallery] Serving image: /Users/leonmao/Pictures/SortByArtist/{{obui}} - [[laserflip - hero_neisan - kuroi_suna]]/1girl, {{{{kitagawa marin , pink eyes, blonde hair, medium breasts, medium hips, s-1371672084.png
[ArtistGallery] Serving image: /Users/leonmao/Pictures/SortByArtist/{{sakimichan}} - [siu_(siu0207)] - hero_neisan - {laserflip} - butcha-u - [[jonsun]]/1girl, {{{kitagawa marin, pink eyes, blonde hair, large breasts, wide hips, nude s-36932629.png
[ArtistGallery] Serving image: /Users/leonmao/Pictures/SortByArtist/{{sakimichan}} - artist sohn_woohyoung - hero_neisan - laserflip - butcha-u/1girl, {{{kitagawa marin, pink eyes, blonde hair, large breasts, wide hips, nude s-486758236.png
[ArtistGallery] Serving image: /Users/leonmao/Pictures/SortByArtist/{{sakimichan}} - artist sohn_woohyoung - hero_neisan - laserflip - butcha-u - [[jonsun]]/1girl, {{{kugisaki nobara (Jujutsu kaisen), brown eyes, brown hair, large breast s-2983670976.png
[ArtistGallery] Serving image: /Users/leonmao/Pictures/SortByArtist/{{sakimichan}} - artist sohn_woohyoung - hero_neisan - laserflip - butcha-u - [[jonsun]]/1girl, {{{kugisaki nobara (Jujutsu kaisen), brown eyes, brown hair, large breast s-2983670976.png
[ArtistGallery] Serving image: /Users/leonmao/Pictures/SortByArtist/{{sakimichan}} - artist sohn_woohyoung - hero_neisan - laserflip - butcha-u - dishwasher1910/1girl, {{{kugisaki nobara (Jujutsu kaisen), brown eyes, brown hair, large breast s-1376720012.png
[ArtistGallery] Serving image: /Users/leonmao/Pictures/SortByArtist/{{sakimichan}} - artist sohn_woohyoung - hero_neisan - laserflip - butcha-u - dishwasher1910/1girl, {{{kugisaki nobara (Jujutsu kaisen), brown eyes, brown hair, large breast s-1376720012.png
[ArtistGallery] Serving image: /Users/leonmao/Pictures/SortByArtist/{{sohn_woohyoung}} - byeon_dha/1girl, {{kitagawa marin, pink eyes, blonde hair, large breasts, wide hips, nude, s-3607363499.png
[ArtistGallery] Serving image: /Users/leonmao/Pictures/SortByArtist/{{toma (toma50)}} - [[laserflip - kuroi_suna]]/1girl, {{{{kitagawa marin , pink eyes, blonde hair, medium breasts, medium hips, s-4247144500.png
[ArtistGallery] Serving image: /Users/leonmao/Pictures/SortByArtist/{{sohn_woohyoung}} - byeon_dha/1girl, {{kitagawa marin, pink eyes, blonde hair, large breasts, wide hips, nude, s-3607363499.png
[ArtistGallery] Serving image: /Users/leonmao/Pictures/SortByArtist/{{toma (toma50)}} - [[laserflip - kuroi_suna]]/1girl, {{{{kitagawa marin , pink eyes, blonde hair, medium breasts, medium hips, s-4247144500.png
[ArtistGallery] Serving image: /Users/leonmao/Pictures/SortByArtist/{{toma (toma50)}} - [[yoshio (55level)]] - [[laserflip - kuroi_suna]]/1girl, {{{{kitagawa marin , pink eyes, blonde hair, medium breasts, medium hips, s-3523016914.png
[ArtistGallery] Serving image: /Users/leonmao/Pictures/SortByArtist/{{toma50}} - [[laserflip - kuroi_suna]]/1girl, {{{{ pink eyes, blonde hair, large breasts, wide hips, crop top shirt, mi s-1110454733.png
[ArtistGallery] Serving image: /Users/leonmao/Pictures/SortByArtist/{{toma (toma50)}} - [[yoshio (55level)]] - [[laserflip - kuroi_suna]]/1girl, {{{{kitagawa marin , pink eyes, blonde hair, medium breasts, medium hips, s-3523016914.png
[ArtistGallery] Serving image: /Users/leonmao/Pictures/SortByArtist/{{toma50}} - [[laserflip - kuroi_suna]]/1girl, {{{{ pink eyes, blonde hair, large breasts, wide hips, crop top shirt, mi s-1110454733.png
[ArtistGallery] Serving image: /Users/leonmao/Pictures/SortByArtist/{{try_(lsc)/1girl, {{kitagawa marin, pink eyes, blonde hair, large breasts, wide hips, nude, s-1646081846.png
[ArtistGallery] Serving image: /Users/leonmao/Pictures/SortByArtist/{{try_(lsc)/1girl, {{kitagawa marin, pink eyes, blonde hair, large breasts, wide hips, nude, s-1646081846.png
[ArtistGallery] Serving image: /Users/leonmao/Pictures/SortByArtist/{{try_(lsc)}}/1girl, {{kitagawa marin, pink eyes, blonde hair, large breasts, wide hips, nude, s-1196026081.png
[ArtistGallery] Serving image: /Users/leonmao/Pictures/SortByArtist/{{try_(lsc)}}/1girl, {{kitagawa marin, pink eyes, blonde hair, large breasts, wide hips, nude, s-1196026081.png
[ArtistGallery] Serving image: /Users/leonmao/Pictures/SortByArtist/{{whyd5424}}/1girl, {{kitagawa marin, pink eyes, blonde hair, large breasts, wide hips, nude, s-1546095431.png
[ArtistGallery] Serving image: /Users/leonmao/Pictures/SortByArtist/{{whyd5424}}/1girl, {{kitagawa marin, pink eyes, blonde hair, large breasts, wide hips, nude, s-1546095431.png
[ArtistGallery] Serving image: /Users/leonmao/Pictures/SortByArtist/{{zhen lu}} - green_ketchup/1girl, {{kitagawa marin, pink eyes, blonde hair, large breasts, wide hips, nude, s-1417113990.png
[ArtistGallery] Serving image: /Users/leonmao/Pictures/SortByArtist/{{zhen lu}} - green_ketchup/1girl, {{kitagawa marin, pink eyes, blonde hair, large breasts, wide hips, nude, s-1417113990.png
[ArtistGallery] Serving image: /Users/leonmao/Pictures/SortByArtist/{{{butcha-a}}}/1girl, (1 monster, {{tentacles, tentacle penis}}), {{{{kitagawa marin, pink eyes s-2625591746.png
[ArtistGallery] Serving image: /Users/leonmao/Pictures/SortByArtist/{{{butcha-a}}}/1girl, (1 monster, {{tentacles, tentacle penis}}), {{{{kitagawa marin, pink eyes s-2625591746.png
[RatingsService] INFO: Loaded ratings from: /Users/leonmao/Pictures/SortByArtist/.image-ratings.json
[RatingsService] INFO: Total entries: 976
[ArtistGallery] Serving image: /Users/leonmao/Pictures/SortByArtist/yd_(orange_maru) - [[butcha-u - sohn_woohyoung]] - yoshio_(55level)/1girl, masterpiece, best quality, realistic, [dynamic angle], Bismarck Zwei (azu s-223772191.png
[ArtistGallery] Successfully read metadata, prompt length: 617
[ArtistGallery] Serving image: /Users/leonmao/Pictures/SortByArtist/yd_(orange_maru) - [[butcha-u - sohn_woohyoung]] - yoshio_(55level)/1girl, masterpiece, best quality, realistic, dynamic angle, long eyelashes, hair s-1393565245.png
[ArtistGallery] Serving image: /Users/leonmao/Pictures/SortByArtist/yd_(orange_maru) - [[butcha-u - sohn_woohyoung]] - yoshio_(55level)/1girl, masterpiece, best quality, realistic, dynamic angle, long eyelashes, hair s-2878736020.png
[ArtistGallery] Serving image: /Users/leonmao/Pictures/SortByArtist/yd_(orange_maru) - [[butcha-u - sohn_woohyoung]] - yoshio_(55level)/1girl, masterpiece, best quality, realistic, dynamic angle, long eyelashes, hair s-2960126521.png
[ArtistGallery] Serving image: /Users/leonmao/Pictures/SortByArtist/yd_(orange_maru) - [[butcha-u - sohn_woohyoung]] - yoshio_(55level)/1girl, masterpiece, best quality, realistic, dynamic angle, long eyelashes, hair s-3041488790.png
[ArtistGallery] Serving image: /Users/leonmao/Pictures/SortByArtist/yd_(orange_maru) - [[butcha-u - sohn_woohyoung]] - yoshio_(55level)/1girl, masterpiece, best quality, realistic, dynamic angle, long eyelashes, hair s-3731637638.png
[ArtistGallery] Serving image: /Users/leonmao/Pictures/SortByArtist/yd_(orange_maru) - [[butcha-u - sohn_woohyoung]] - yoshio_(55level)/1girl, masterpiece, best quality, realistic, [dynamic angle], Bismarck Zwei (azu s-223772191.png
[ArtistGallery] Serving image: /Users/leonmao/Pictures/SortByArtist/yd_(orange_maru) - [[butcha-u - sohn_woohyoung]] - yoshio_(55level)/1girl, masterpiece, best quality, realistic, dynamic angle, long eyelashes, hair s-2960126521.png
[ArtistGallery] Serving image: /Users/leonmao/Pictures/SortByArtist/yd_(orange_maru) - [[butcha-u - sohn_woohyoung]] - yoshio_(55level)/1girl, masterpiece, best quality, realistic, dynamic angle, long eyelashes, hair s-1393565245.png
[ArtistGallery] Serving image: /Users/leonmao/Pictures/SortByArtist/yd_(orange_maru) - [[butcha-u - sohn_woohyoung]] - yoshio_(55level)/1girl, masterpiece, best quality, realistic, dynamic angle, long eyelashes, hair s-2878736020.png
[ArtistGallery] Serving image: /Users/leonmao/Pictures/SortByArtist/yd_(orange_maru) - [[butcha-u - sohn_woohyoung]] - yoshio_(55level)/1girl, masterpiece, best quality, realistic, dynamic angle, long eyelashes, hair s-3731637638.png
[ArtistGallery] Serving image: /Users/leonmao/Pictures/SortByArtist/yd_(orange_maru) - [[butcha-u - sohn_woohyoung]] - yoshio_(55level)/1girl, masterpiece, best quality, realistic, dynamic angle, long eyelashes, hair s-3041488790.png
[BatchRating] INFO: New batch job submitted: 179239e1-5ec6-4550-9d88-0555b82dad28
[BatchRating] INFO: Images: 6, Folder: /Users/leonmao/Pictures/SortByArtist/yd_(orange_maru) - [[butcha-u - sohn_woohyoung]] - yoshio_(55level)
[BatchRating] INFO: Starting processing for job 179239e1-5ec6-4550-9d88-0555b82dad28
[VisionAnalysisService] INFO: START detailed analysis: /Users/leonmao/Pictures/SortByArtist/yd_(orange_maru) - [[butcha-u - sohn_woohyoung]] - yoshio_(55level)/1girl, masterpiece, best quality, realistic, [dynamic angle], Bismarck Zwei (azu s-223772191.png
[VisionAnalysisService] INFO: Detailed analysis complete: 9/10 (67% confidence)
[BatchRating] INFO: Processed 1girl, masterpiece, best quality, realistic, [dynamic angle], Bismarck Zwei (azu s-223772191.png: 9/10
[VisionAnalysisService] INFO: START detailed analysis: /Users/leonmao/Pictures/SortByArtist/yd_(orange_maru) - [[butcha-u - sohn_woohyoung]] - yoshio_(55level)/1girl, masterpiece, best quality, realistic, dynamic angle, long eyelashes, hair s-1393565245.png
[VisionAnalysisService] INFO: Detailed analysis complete: 9/10 (74% confidence)
[BatchRating] INFO: Processed 1girl, masterpiece, best quality, realistic, dynamic angle, long eyelashes, hair s-1393565245.png: 9/10
[VisionAnalysisService] INFO: START detailed analysis: /Users/leonmao/Pictures/SortByArtist/yd_(orange_maru) - [[butcha-u - sohn_woohyoung]] - yoshio_(55level)/1girl, masterpiece, best quality, realistic, dynamic angle, long eyelashes, hair s-2878736020.png
[VisionAnalysisService] INFO: Detailed analysis complete: 9/10 (72% confidence)
[BatchRating] INFO: Processed 1girl, masterpiece, best quality, realistic, dynamic angle, long eyelashes, hair s-2878736020.png: 9/10
[VisionAnalysisService] INFO: START detailed analysis: /Users/leonmao/Pictures/SortByArtist/yd_(orange_maru) - [[butcha-u - sohn_woohyoung]] - yoshio_(55level)/1girl, masterpiece, best quality, realistic, dynamic angle, long eyelashes, hair s-2960126521.png
[VisionAnalysisService] INFO: Detailed analysis complete: 9/10 (68% confidence)
[BatchRating] INFO: Processed 1girl, masterpiece, best quality, realistic, dynamic angle, long eyelashes, hair s-2960126521.png: 9/10
[VisionAnalysisService] INFO: START detailed analysis: /Users/leonmao/Pictures/SortByArtist/yd_(orange_maru) - [[butcha-u - sohn_woohyoung]] - yoshio_(55level)/1girl, masterpiece, best quality, realistic, dynamic angle, long eyelashes, hair s-3041488790.png
[VisionAnalysisService] INFO: Detailed analysis complete: 9/10 (73% confidence)
[BatchRating] INFO: Processed 1girl, masterpiece, best quality, realistic, dynamic angle, long eyelashes, hair s-3041488790.png: 9/10
[VisionAnalysisService] INFO: START detailed analysis: /Users/leonmao/Pictures/SortByArtist/yd_(orange_maru) - [[butcha-u - sohn_woohyoung]] - yoshio_(55level)/1girl, masterpiece, best quality, realistic, dynamic angle, long eyelashes, hair s-3731637638.png
[VisionAnalysisService] INFO: Detailed analysis complete: 9/10 (66% confidence)
[BatchRating] INFO: Processed 1girl, masterpiece, best quality, realistic, dynamic angle, long eyelashes, hair s-3731637638.png: 9/10
[BatchRating] INFO: Job 179239e1-5ec6-4550-9d88-0555b82dad28 completed successfully
[ArtistGallery] Successfully read metadata, prompt length: 617
[ArtistGallery] Successfully read metadata, prompt length: 592
[ArtistGallery] Successfully read metadata, prompt length: 583
[ArtistGallery] Successfully read metadata, prompt length: 592
[ArtistGallery] Successfully read metadata, prompt length: 607
[ArtistGallery] Successfully read metadata, prompt length: 592
[ArtistGallery] Successfully read metadata, prompt length: 617
[RatingsService] INFO: Loaded ratings from: /Users/leonmao/Pictures/SortByArtist/.image-ratings.json
[RatingsService] INFO: Total entries: 976
[RatingsService] INFO: Loaded existing ratings with 976 entries
[RatingsService] INFO: Existing: 976 entries
[RatingsService] INFO: New: 981 entries
[RatingsService] INFO: Merged: 981 entries
[RatingsService] INFO: Ratings saved to: /Users/leonmao/Pictures/SortByArtist/.image-ratings.json
[RatingsService] INFO: Loaded ratings from: /Users/leonmao/Pictures/SortByArtist/.image-ratings.json
[RatingsService] INFO: Total entries: 981
[RatingsService] INFO: Loaded ratings from: /Users/leonmao/Pictures/SortByArtist/.image-ratings.json
[RatingsService] INFO: Total entries: 981
[RatingsService] INFO: Loaded ratings from: /Users/leonmao/Pictures/SortByArtist/.image-ratings.json
[RatingsService] INFO: Total entries: 981
[ArtistGallery] Serving image: /Users/leonmao/Pictures/SortByArtist/yd_(orange_maru) - [[butcha-u - sohn_woohyoung]] - shikuta_maru/1girl, masterpiece, best quality, realistic, [dynamic angle], Bismarck Zwei (azu s-292466044.png
[ArtistGallery] Successfully read metadata, prompt length: 613
[ArtistGallery] Serving image: /Users/leonmao/Pictures/SortByArtist/yd_(orange_maru) - [[butcha-u - sohn_woohyoung]] - shikuta_maru/1girl, masterpiece, best quality, realistic, [dynamic angle], Bismarck Zwei (azu s-3269013364.png
[ArtistGallery] Serving image: /Users/leonmao/Pictures/SortByArtist/yd_(orange_maru) - [[butcha-u - sohn_woohyoung]] - shikuta_maru/1girl, masterpiece, best quality, realistic, [dynamic angle], Bismarck Zwei (azu s-3606725683.png
[ArtistGallery] Serving image: /Users/leonmao/Pictures/SortByArtist/yd_(orange_maru) - [[butcha-u - sohn_woohyoung]] - shikuta_maru/1girl, masterpiece, best quality, realistic, [dynamic angle], Ting An (azur lane s-1217181780.png
[ArtistGallery] Serving image: /Users/leonmao/Pictures/SortByArtist/yd_(orange_maru) - [[butcha-u - sohn_woohyoung]] - shikuta_maru/1girl, masterpiece, best quality, realistic, [dynamic angle], Ting An (azur lane s-1471978818.png
[ArtistGallery] Serving image: /Users/leonmao/Pictures/SortByArtist/yd_(orange_maru) - [[butcha-u - sohn_woohyoung]] - shikuta_maru/1girl, masterpiece, best quality, realistic, [dynamic angle], Ting An (azur lane s-2805671026.png
[ArtistGallery] Serving image: /Users/leonmao/Pictures/SortByArtist/yd_(orange_maru) - [[butcha-u - sohn_woohyoung]] - shikuta_maru/1girl, masterpiece, best quality, realistic, [dynamic angle], Ting An (azur lane s-3656550637.png
[ArtistGallery] Serving image: /Users/leonmao/Pictures/SortByArtist/yd_(orange_maru) - [[butcha-u - sohn_woohyoung]] - shikuta_maru/1girl, masterpiece, best quality, realistic, [dynamic angle], Ting An (azur lane s-484112855.png
[ArtistGallery] Serving image: /Users/leonmao/Pictures/SortByArtist/yd_(orange_maru) - [[butcha-u - sohn_woohyoung]] - shikuta_maru/1girl, masterpiece, best quality, realistic, [dynamic angle], Ting An (azur lane s-569940824.png
[ArtistGallery] Serving image: /Users/leonmao/Pictures/SortByArtist/yd_(orange_maru) - [[butcha-u - sohn_woohyoung]] - shikuta_maru/1girl, masterpiece, best quality, realistic, [dynamic angle], kitagawa marin, lo s-1872644931.png
[ArtistGallery] Serving image: /Users/leonmao/Pictures/SortByArtist/yd_(orange_maru) - [[butcha-u - sohn_woohyoung]] - shikuta_maru/1girl, masterpiece, best quality, realistic, [dynamic angle], kitagawa marin, lo s-3930594399.png
[ArtistGallery] Serving image: /Users/leonmao/Pictures/SortByArtist/yd_(orange_maru) - [[butcha-u - sohn_woohyoung]] - shikuta_maru/1girl, masterpiece, best quality, realistic, [dynamic angle], long eyelashes, gr s-3096202197.png
[ArtistGallery] Serving image: /Users/leonmao/Pictures/SortByArtist/yd_(orange_maru) - [[butcha-u - sohn_woohyoung]] - shikuta_maru/1girl, masterpiece, best quality, realistic, [dynamic angle], long eyelashes, gr s-400815307.png
[ArtistGallery] Serving image: /Users/leonmao/Pictures/SortByArtist/yd_(orange_maru) - [[butcha-u - sohn_woohyoung]] - shikuta_maru/1girl, masterpiece, best quality, realistic, [dynamic angle], owari (azur lane), s-2323664997.png
[ArtistGallery] Serving image: /Users/leonmao/Pictures/SortByArtist/yd_(orange_maru) - [[butcha-u - sohn_woohyoung]] - shikuta_maru/1girl, masterpiece, best quality, realistic, dynamic angle, long eyelashes, gree s-1212019171.png
[ArtistGallery] Serving image: /Users/leonmao/Pictures/SortByArtist/yd_(orange_maru) - [[butcha-u - sohn_woohyoung]] - shikuta_maru/1girl, masterpiece, best quality, realistic, dynamic angle, long eyelashes, gree s-1219789068.png
[ArtistGallery] Serving image: /Users/leonmao/Pictures/SortByArtist/yd_(orange_maru) - [[butcha-u - sohn_woohyoung]] - shikuta_maru/1girl, masterpiece, best quality, realistic, dynamic angle, long eyelashes, gree s-691172928.png
[ArtistGallery] Serving image: /Users/leonmao/Pictures/SortByArtist/yd_(orange_maru) - [[butcha-u - sohn_woohyoung]] - shikuta_maru/1girl, masterpiece, best quality, realistic, dynamic angle, long eyelashes, hair s-1547916472.png
[ArtistGallery] Serving image: /Users/leonmao/Pictures/SortByArtist/yd_(orange_maru) - [[butcha-u - sohn_woohyoung]] - shikuta_maru/1girl, masterpiece, best quality, realistic, dynamic angle, long eyelashes, gree s-3709665769.png
[ArtistGallery] Serving image: /Users/leonmao/Pictures/SortByArtist/yd_(orange_maru) - [[butcha-u - sohn_woohyoung]] - shikuta_maru/1girl, masterpiece, best quality, realistic, dynamic angle, long eyelashes, hair s-1978063108.png
[ArtistGallery] Serving image: /Users/leonmao/Pictures/SortByArtist/yd_(orange_maru) - [[butcha-u - sohn_woohyoung]] - shikuta_maru/1girl, masterpiece, best quality, realistic, [dynamic angle], long eyelashes, gr s-4146200761.png
[ArtistGallery] Serving image: /Users/leonmao/Pictures/SortByArtist/yd_(orange_maru) - [[butcha-u - sohn_woohyoung]] - shikuta_maru/1girl, masterpiece, best quality, realistic, dynamic angle, long eyelashes, hair s-1692083332.png
[ArtistGallery] Serving image: /Users/leonmao/Pictures/SortByArtist/yd_(orange_maru) - [[butcha-u - sohn_woohyoung]] - shikuta_maru/1girl, masterpiece, best quality, realistic, [dynamic angle], owari (azur lane), s-814032774.png
[ArtistGallery] Serving image: /Users/leonmao/Pictures/SortByArtist/yd_(orange_maru) - [[butcha-u - sohn_woohyoung]] - shikuta_maru/1girl, masterpiece, best quality, realistic, dynamic angle, long eyelashes, hair s-2915983525.png
[ArtistGallery] Serving image: /Users/leonmao/Pictures/SortByArtist/yd_(orange_maru) - [[butcha-u - sohn_woohyoung]] - shikuta_maru/1girl, masterpiece, best quality, realistic, dynamic angle, long eyelashes, hair s-296912008.png
[ArtistGallery] Serving image: /Users/leonmao/Pictures/SortByArtist/yd_(orange_maru) - [[butcha-u - sohn_woohyoung]] - shikuta_maru/1girl, masterpiece, best quality, realistic, dynamic angle, long eyelashes, hair s-297804107.png
[ArtistGallery] Serving image: /Users/leonmao/Pictures/SortByArtist/yd_(orange_maru) - [[butcha-u - sohn_woohyoung]] - shikuta_maru/1girl, masterpiece, best quality, realistic, dynamic angle, long eyelashes, hair s-3114872826.png
[BatchRating] INFO: New batch job submitted: 1cd0d74d-f77a-410c-bed9-0bf8aeebc759
[BatchRating] INFO: Images: 27, Folder: /Users/leonmao/Pictures/SortByArtist/yd_(orange_maru) - [[butcha-u - sohn_woohyoung]] - shikuta_maru
[BatchRating] INFO: Starting processing for job 1cd0d74d-f77a-410c-bed9-0bf8aeebc759
[VisionAnalysisService] INFO: START detailed analysis: /Users/leonmao/Pictures/SortByArtist/yd_(orange_maru) - [[butcha-u - sohn_woohyoung]] - shikuta_maru/1girl, masterpiece, best quality, realistic, [dynamic angle], Bismarck Zwei (azu s-292466044.png
[VisionAnalysisService] INFO: Detailed analysis complete: 9/10 (64% confidence)
[BatchRating] INFO: Processed 1girl, masterpiece, best quality, realistic, [dynamic angle], Bismarck Zwei (azu s-292466044.png: 9/10
[VisionAnalysisService] INFO: START detailed analysis: /Users/leonmao/Pictures/SortByArtist/yd_(orange_maru) - [[butcha-u - sohn_woohyoung]] - shikuta_maru/1girl, masterpiece, best quality, realistic, [dynamic angle], Bismarck Zwei (azu s-3269013364.png
[VisionAnalysisService] INFO: Detailed analysis complete: 9/10 (73% confidence)
[BatchRating] INFO: Processed 1girl, masterpiece, best quality, realistic, [dynamic angle], Bismarck Zwei (azu s-3269013364.png: 9/10
[VisionAnalysisService] INFO: START detailed analysis: /Users/leonmao/Pictures/SortByArtist/yd_(orange_maru) - [[butcha-u - sohn_woohyoung]] - shikuta_maru/1girl, masterpiece, best quality, realistic, [dynamic angle], Bismarck Zwei (azu s-3606725683.png
[VisionAnalysisService] INFO: Detailed analysis complete: 9/10 (63% confidence)
[BatchRating] INFO: Processed 1girl, masterpiece, best quality, realistic, [dynamic angle], Bismarck Zwei (azu s-3606725683.png: 9/10
[VisionAnalysisService] INFO: START detailed analysis: /Users/leonmao/Pictures/SortByArtist/yd_(orange_maru) - [[butcha-u - sohn_woohyoung]] - shikuta_maru/1girl, masterpiece, best quality, realistic, [dynamic angle], Ting An (azur lane s-1217181780.png
[VisionAnalysisService] INFO: Detailed analysis complete: 9/10 (74% confidence)
[BatchRating] INFO: Processed 1girl, masterpiece, best quality, realistic, [dynamic angle], Ting An (azur lane s-1217181780.png: 9/10
[VisionAnalysisService] INFO: START detailed analysis: /Users/leonmao/Pictures/SortByArtist/yd_(orange_maru) - [[butcha-u - sohn_woohyoung]] - shikuta_maru/1girl, masterpiece, best quality, realistic, [dynamic angle], Ting An (azur lane s-1471978818.png
[VisionAnalysisService] INFO: Detailed analysis complete: 9/10 (75% confidence)
[BatchRating] INFO: Processed 1girl, masterpiece, best quality, realistic, [dynamic angle], Ting An (azur lane s-1471978818.png: 9/10
[VisionAnalysisService] INFO: START detailed analysis: /Users/leonmao/Pictures/SortByArtist/yd_(orange_maru) - [[butcha-u - sohn_woohyoung]] - shikuta_maru/1girl, masterpiece, best quality, realistic, [dynamic angle], Ting An (azur lane s-2805671026.png
[VisionAnalysisService] INFO: Detailed analysis complete: 9/10 (76% confidence)
[BatchRating] INFO: Processed 1girl, masterpiece, best quality, realistic, [dynamic angle], Ting An (azur lane s-2805671026.png: 9/10
[VisionAnalysisService] INFO: START detailed analysis: /Users/leonmao/Pictures/SortByArtist/yd_(orange_maru) - [[butcha-u - sohn_woohyoung]] - shikuta_maru/1girl, masterpiece, best quality, realistic, [dynamic angle], Ting An (azur lane s-3656550637.png
[VisionAnalysisService] INFO: Detailed analysis complete: 9/10 (71% confidence)
[BatchRating] INFO: Processed 1girl, masterpiece, best quality, realistic, [dynamic angle], Ting An (azur lane s-3656550637.png: 9/10
[VisionAnalysisService] INFO: START detailed analysis: /Users/leonmao/Pictures/SortByArtist/yd_(orange_maru) - [[butcha-u - sohn_woohyoung]] - shikuta_maru/1girl, masterpiece, best quality, realistic, [dynamic angle], Ting An (azur lane s-484112855.png
[VisionAnalysisService] INFO: Detailed analysis complete: 9/10 (70% confidence)
[BatchRating] INFO: Processed 1girl, masterpiece, best quality, realistic, [dynamic angle], Ting An (azur lane s-484112855.png: 9/10
[VisionAnalysisService] INFO: START detailed analysis: /Users/leonmao/Pictures/SortByArtist/yd_(orange_maru) - [[butcha-u - sohn_woohyoung]] - shikuta_maru/1girl, masterpiece, best quality, realistic, [dynamic angle], Ting An (azur lane s-569940824.png
[VisionAnalysisService] INFO: Detailed analysis complete: 9/10 (74% confidence)
[BatchRating] INFO: Processed 1girl, masterpiece, best quality, realistic, [dynamic angle], Ting An (azur lane s-569940824.png: 9/10
[VisionAnalysisService] INFO: START detailed analysis: /Users/leonmao/Pictures/SortByArtist/yd_(orange_maru) - [[butcha-u - sohn_woohyoung]] - shikuta_maru/1girl, masterpiece, best quality, realistic, [dynamic angle], kitagawa marin, lo s-1872644931.png
[VisionAnalysisService] INFO: Detailed analysis complete: 9/10 (72% confidence)
[BatchRating] INFO: Processed 1girl, masterpiece, best quality, realistic, [dynamic angle], kitagawa marin, lo s-1872644931.png: 9/10
[VisionAnalysisService] INFO: START detailed analysis: /Users/leonmao/Pictures/SortByArtist/yd_(orange_maru) - [[butcha-u - sohn_woohyoung]] - shikuta_maru/1girl, masterpiece, best quality, realistic, [dynamic angle], kitagawa marin, lo s-3930594399.png
[VisionAnalysisService] INFO: Detailed analysis complete: 9/10 (76% confidence)
[BatchRating] INFO: Processed 1girl, masterpiece, best quality, realistic, [dynamic angle], kitagawa marin, lo s-3930594399.png: 9/10
[VisionAnalysisService] INFO: START detailed analysis: /Users/leonmao/Pictures/SortByArtist/yd_(orange_maru) - [[butcha-u - sohn_woohyoung]] - shikuta_maru/1girl, masterpiece, best quality, realistic, [dynamic angle], long eyelashes, gr s-3096202197.png
[VisionAnalysisService] INFO: Detailed analysis complete: 9/10 (68% confidence)
[BatchRating] INFO: Processed 1girl, masterpiece, best quality, realistic, [dynamic angle], long eyelashes, gr s-3096202197.png: 9/10
[VisionAnalysisService] INFO: START detailed analysis: /Users/leonmao/Pictures/SortByArtist/yd_(orange_maru) - [[butcha-u - sohn_woohyoung]] - shikuta_maru/1girl, masterpiece, best quality, realistic, [dynamic angle], long eyelashes, gr s-400815307.png
[VisionAnalysisService] INFO: Detailed analysis complete: 9/10 (72% confidence)
[BatchRating] INFO: Processed 1girl, masterpiece, best quality, realistic, [dynamic angle], long eyelashes, gr s-400815307.png: 9/10
[VisionAnalysisService] INFO: START detailed analysis: /Users/leonmao/Pictures/SortByArtist/yd_(orange_maru) - [[butcha-u - sohn_woohyoung]] - shikuta_maru/1girl, masterpiece, best quality, realistic, [dynamic angle], long eyelashes, gr s-4146200761.png
[VisionAnalysisService] INFO: Detailed analysis complete: 9/10 (74% confidence)
[BatchRating] INFO: Processed 1girl, masterpiece, best quality, realistic, [dynamic angle], long eyelashes, gr s-4146200761.png: 9/10
[VisionAnalysisService] INFO: START detailed analysis: /Users/leonmao/Pictures/SortByArtist/yd_(orange_maru) - [[butcha-u - sohn_woohyoung]] - shikuta_maru/1girl, masterpiece, best quality, realistic, [dynamic angle], owari (azur lane), s-2323664997.png
[VisionAnalysisService] INFO: Detailed analysis complete: 9/10 (71% confidence)
[BatchRating] INFO: Processed 1girl, masterpiece, best quality, realistic, [dynamic angle], owari (azur lane), s-2323664997.png: 9/10
[VisionAnalysisService] INFO: START detailed analysis: /Users/leonmao/Pictures/SortByArtist/yd_(orange_maru) - [[butcha-u - sohn_woohyoung]] - shikuta_maru/1girl, masterpiece, best quality, realistic, [dynamic angle], owari (azur lane), s-814032774.png
[VisionAnalysisService] INFO: Detailed analysis complete: 9/10 (68% confidence)
[BatchRating] INFO: Processed 1girl, masterpiece, best quality, realistic, [dynamic angle], owari (azur lane), s-814032774.png: 9/10
[VisionAnalysisService] INFO: START detailed analysis: /Users/leonmao/Pictures/SortByArtist/yd_(orange_maru) - [[butcha-u - sohn_woohyoung]] - shikuta_maru/1girl, masterpiece, best quality, realistic, dynamic angle, long eyelashes, gree s-1212019171.png
[VisionAnalysisService] INFO: Detailed analysis complete: 9/10 (74% confidence)
[BatchRating] INFO: Processed 1girl, masterpiece, best quality, realistic, dynamic angle, long eyelashes, gree s-1212019171.png: 9/10
[VisionAnalysisService] INFO: START detailed analysis: /Users/leonmao/Pictures/SortByArtist/yd_(orange_maru) - [[butcha-u - sohn_woohyoung]] - shikuta_maru/1girl, masterpiece, best quality, realistic, dynamic angle, long eyelashes, gree s-1219789068.png
[VisionAnalysisService] INFO: Detailed analysis complete: 9/10 (71% confidence)
[BatchRating] INFO: Processed 1girl, masterpiece, best quality, realistic, dynamic angle, long eyelashes, gree s-1219789068.png: 9/10
[VisionAnalysisService] INFO: START detailed analysis: /Users/leonmao/Pictures/SortByArtist/yd_(orange_maru) - [[butcha-u - sohn_woohyoung]] - shikuta_maru/1girl, masterpiece, best quality, realistic, dynamic angle, long eyelashes, gree s-3709665769.png
[VisionAnalysisService] INFO: Detailed analysis complete: 9/10 (71% confidence)
[BatchRating] INFO: Processed 1girl, masterpiece, best quality, realistic, dynamic angle, long eyelashes, gree s-3709665769.png: 9/10
[VisionAnalysisService] INFO: START detailed analysis: /Users/leonmao/Pictures/SortByArtist/yd_(orange_maru) - [[butcha-u - sohn_woohyoung]] - shikuta_maru/1girl, masterpiece, best quality, realistic, dynamic angle, long eyelashes, gree s-691172928.png
[VisionAnalysisService] INFO: Detailed analysis complete: 9/10 (65% confidence)
[BatchRating] INFO: Processed 1girl, masterpiece, best quality, realistic, dynamic angle, long eyelashes, gree s-691172928.png: 9/10
[VisionAnalysisService] INFO: START detailed analysis: /Users/leonmao/Pictures/SortByArtist/yd_(orange_maru) - [[butcha-u - sohn_woohyoung]] - shikuta_maru/1girl, masterpiece, best quality, realistic, dynamic angle, long eyelashes, hair s-1547916472.png
[VisionAnalysisService] INFO: Detailed analysis complete: 9/10 (68% confidence)
[BatchRating] INFO: Processed 1girl, masterpiece, best quality, realistic, dynamic angle, long eyelashes, hair s-1547916472.png: 9/10
[VisionAnalysisService] INFO: START detailed analysis: /Users/leonmao/Pictures/SortByArtist/yd_(orange_maru) - [[butcha-u - sohn_woohyoung]] - shikuta_maru/1girl, masterpiece, best quality, realistic, dynamic angle, long eyelashes, hair s-1692083332.png
[VisionAnalysisService] INFO: Detailed analysis complete: 9/10 (76% confidence)
[BatchRating] INFO: Processed 1girl, masterpiece, best quality, realistic, dynamic angle, long eyelashes, hair s-1692083332.png: 9/10
[VisionAnalysisService] INFO: START detailed analysis: /Users/leonmao/Pictures/SortByArtist/yd_(orange_maru) - [[butcha-u - sohn_woohyoung]] - shikuta_maru/1girl, masterpiece, best quality, realistic, dynamic angle, long eyelashes, hair s-1978063108.png
[VisionAnalysisService] INFO: Detailed analysis complete: 9/10 (72% confidence)
[BatchRating] INFO: Processed 1girl, masterpiece, best quality, realistic, dynamic angle, long eyelashes, hair s-1978063108.png: 9/10
[VisionAnalysisService] INFO: START detailed analysis: /Users/leonmao/Pictures/SortByArtist/yd_(orange_maru) - [[butcha-u - sohn_woohyoung]] - shikuta_maru/1girl, masterpiece, best quality, realistic, dynamic angle, long eyelashes, hair s-2915983525.png
[VisionAnalysisService] INFO: Detailed analysis complete: 9/10 (71% confidence)
[BatchRating] INFO: Processed 1girl, masterpiece, best quality, realistic, dynamic angle, long eyelashes, hair s-2915983525.png: 9/10
[VisionAnalysisService] INFO: START detailed analysis: /Users/leonmao/Pictures/SortByArtist/yd_(orange_maru) - [[butcha-u - sohn_woohyoung]] - shikuta_maru/1girl, masterpiece, best quality, realistic, dynamic angle, long eyelashes, hair s-296912008.png
[VisionAnalysisService] INFO: Detailed analysis complete: 9/10 (73% confidence)
[BatchRating] INFO: Processed 1girl, masterpiece, best quality, realistic, dynamic angle, long eyelashes, hair s-296912008.png: 9/10
[VisionAnalysisService] INFO: START detailed analysis: /Users/leonmao/Pictures/SortByArtist/yd_(orange_maru) - [[butcha-u - sohn_woohyoung]] - shikuta_maru/1girl, masterpiece, best quality, realistic, dynamic angle, long eyelashes, hair s-297804107.png
[VisionAnalysisService] INFO: Detailed analysis complete: 9/10 (73% confidence)
[BatchRating] INFO: Processed 1girl, masterpiece, best quality, realistic, dynamic angle, long eyelashes, hair s-297804107.png: 9/10
[VisionAnalysisService] INFO: START detailed analysis: /Users/leonmao/Pictures/SortByArtist/yd_(orange_maru) - [[butcha-u - sohn_woohyoung]] - shikuta_maru/1girl, masterpiece, best quality, realistic, dynamic angle, long eyelashes, hair s-3114872826.png
[VisionAnalysisService] INFO: Detailed analysis complete: 9/10 (73% confidence)
[BatchRating] INFO: Processed 1girl, masterpiece, best quality, realistic, dynamic angle, long eyelashes, hair s-3114872826.png: 9/10
[BatchRating] INFO: Job 1cd0d74d-f77a-410c-bed9-0bf8aeebc759 completed successfully
[ArtistGallery] Successfully read metadata, prompt length: 613
[ArtistGallery] Successfully read metadata, prompt length: 613
[ArtistGallery] Successfully read metadata, prompt length: 619
[ArtistGallery] Successfully read metadata, prompt length: 582
[ArtistGallery] Successfully read metadata, prompt length: 567
[ArtistGallery] Successfully read metadata, prompt length: 574
[ArtistGallery] Successfully read metadata, prompt length: 574
[ArtistGallery] Successfully read metadata, prompt length: 567
[ArtistGallery] Successfully read metadata, prompt length: 567
[ArtistGallery] Successfully read metadata, prompt length: 721
[ArtistGallery] Successfully read metadata, prompt length: 711
[ArtistGallery] Successfully read metadata, prompt length: 701
[ArtistGallery] Successfully read metadata, prompt length: 701
[ArtistGallery] Successfully read metadata, prompt length: 682
[ArtistGallery] Successfully read metadata, prompt length: 740
[ArtistGallery] Successfully read metadata, prompt length: 740
[ArtistGallery] Successfully read metadata, prompt length: 680
[ArtistGallery] Successfully read metadata, prompt length: 603
[ArtistGallery] Successfully read metadata, prompt length: 680
[ArtistGallery] Successfully read metadata, prompt length: 682
[ArtistGallery] Successfully read metadata, prompt length: 623
[ArtistGallery] Successfully read metadata, prompt length: 585
[ArtistGallery] Successfully read metadata, prompt length: 585
[ArtistGallery] Successfully read metadata, prompt length: 579
[ArtistGallery] Successfully read metadata, prompt length: 579
[ArtistGallery] Successfully read metadata, prompt length: 579
[ArtistGallery] Successfully read metadata, prompt length: 573
[VisionAnalysisRoutes] INFO: Analysis complete: 9/10 (73% confidence)
[ArtistGallery] Successfully read metadata, prompt length: 740
[VisionAnalysisRoutes] INFO: Analysis complete: 9/10 (68% confidence)
[RatingsService] INFO: Loaded ratings from: /Users/leonmao/Pictures/SortByArtist/.image-ratings.json
[RatingsService] INFO: Total entries: 981
[RatingsService] INFO: Loaded existing ratings with 981 entries
[RatingsService] INFO: Existing: 981 entries
[RatingsService] INFO: New: 981 entries
[RatingsService] INFO: Merged: 981 entries
[RatingsService] INFO: Ratings saved to: /Users/leonmao/Pictures/SortByArtist/.image-ratings.json
[RatingsService] INFO: Loaded ratings from: /Users/leonmao/Pictures/SortByArtist/.image-ratings.json
[RatingsService] INFO: Total entries: 981
[RatingsService] INFO: Loaded ratings from: /Users/leonmao/Pictures/SortByArtist/.image-ratings.json
[RatingsService] INFO: Total entries: 981
[RatingsService] INFO: Loaded ratings from: /Users/leonmao/Pictures/SortByArtist/.image-ratings.json
[RatingsService] INFO: Total entries: 981
[ArtistGallery] Serving image: /Users/leonmao/Pictures/SortByArtist/yd_(orange_maru) - butcha-u/1girl, masterpiece, best quality, dynamic angle, long eyelashes, hair slicked ba s-317629618.png
[ArtistGallery] Successfully read metadata, prompt length: 488
[ArtistGallery] Serving image: /Users/leonmao/Pictures/SortByArtist/yd_(orange_maru) - butcha-u/1girl, masterpiece, best quality, realistic, dynamic angle, long eyelashes, hair s-1220291301.png
[ArtistGallery] Serving image: /Users/leonmao/Pictures/SortByArtist/yd_(orange_maru) - butcha-u/1girl, masterpiece, best quality, realistic, dynamic angle, long eyelashes, hair s-3590027929.png
[ArtistGallery] Serving image: /Users/leonmao/Pictures/SortByArtist/yd_(orange_maru) - butcha-u/1girl, masterpiece, best quality, realistic, dynamic angle, long eyelashes, hair s-3939120220.png
[ArtistGallery] Serving image: /Users/leonmao/Pictures/SortByArtist/yd_(orange_maru) - butcha-u/1girl, masterpiece, best quality, realistic, dynamic angle, long eyelashes, hair s-983458246.png
[BatchRating] INFO: New batch job submitted: ed803fab-64a1-4434-94bd-604c226f6cba
[BatchRating] INFO: Images: 5, Folder: /Users/leonmao/Pictures/SortByArtist/yd_(orange_maru) - butcha-u
[BatchRating] INFO: Starting processing for job ed803fab-64a1-4434-94bd-604c226f6cba
[VisionAnalysisService] INFO: START detailed analysis: /Users/leonmao/Pictures/SortByArtist/yd_(orange_maru) - butcha-u/1girl, masterpiece, best quality, dynamic angle, long eyelashes, hair slicked ba s-317629618.png
[VisionAnalysisService] INFO: Detailed analysis complete: 9/10 (73% confidence)
[BatchRating] INFO: Processed 1girl, masterpiece, best quality, dynamic angle, long eyelashes, hair slicked ba s-317629618.png: 9/10
[VisionAnalysisService] INFO: START detailed analysis: /Users/leonmao/Pictures/SortByArtist/yd_(orange_maru) - butcha-u/1girl, masterpiece, best quality, realistic, dynamic angle, long eyelashes, hair s-1220291301.png
[VisionAnalysisService] INFO: Detailed analysis complete: 9/10 (59% confidence)
[BatchRating] INFO: Processed 1girl, masterpiece, best quality, realistic, dynamic angle, long eyelashes, hair s-1220291301.png: 9/10
[VisionAnalysisService] INFO: START detailed analysis: /Users/leonmao/Pictures/SortByArtist/yd_(orange_maru) - butcha-u/1girl, masterpiece, best quality, realistic, dynamic angle, long eyelashes, hair s-3590027929.png
[VisionAnalysisService] INFO: Detailed analysis complete: 9/10 (66% confidence)
[BatchRating] INFO: Processed 1girl, masterpiece, best quality, realistic, dynamic angle, long eyelashes, hair s-3590027929.png: 9/10
[VisionAnalysisService] INFO: START detailed analysis: /Users/leonmao/Pictures/SortByArtist/yd_(orange_maru) - butcha-u/1girl, masterpiece, best quality, realistic, dynamic angle, long eyelashes, hair s-3939120220.png
[VisionAnalysisService] INFO: Detailed analysis complete: 9/10 (74% confidence)
[BatchRating] INFO: Processed 1girl, masterpiece, best quality, realistic, dynamic angle, long eyelashes, hair s-3939120220.png: 9/10
[VisionAnalysisService] INFO: START detailed analysis: /Users/leonmao/Pictures/SortByArtist/yd_(orange_maru) - butcha-u/1girl, masterpiece, best quality, realistic, dynamic angle, long eyelashes, hair s-983458246.png
[VisionAnalysisService] INFO: Detailed analysis complete: 9/10 (67% confidence)
[BatchRating] INFO: Processed 1girl, masterpiece, best quality, realistic, dynamic angle, long eyelashes, hair s-983458246.png: 9/10
[BatchRating] INFO: Job ed803fab-64a1-4434-94bd-604c226f6cba completed successfully
[ArtistGallery] Successfully read metadata, prompt length: 488
[ArtistGallery] Successfully read metadata, prompt length: 530
[ArtistGallery] Successfully read metadata, prompt length: 528
[ArtistGallery] Successfully read metadata, prompt length: 499
[ArtistGallery] Successfully read metadata, prompt length: 514
[VisionAnalysisRoutes] INFO: Analysis complete: 9/10 (67% confidence)
[RatingsService] INFO: Loaded ratings from: /Users/leonmao/Pictures/SortByArtist/.image-ratings.json
[RatingsService] INFO: Total entries: 981
[RatingsService] INFO: Loaded existing ratings with 981 entries
[RatingsService] INFO: Existing: 981 entries
[RatingsService] INFO: New: 986 entries
[RatingsService] INFO: Merged: 986 entries
[RatingsService] INFO: Ratings saved to: /Users/leonmao/Pictures/SortByArtist/.image-ratings.json
[RatingsService] INFO: Loaded ratings from: /Users/leonmao/Pictures/SortByArtist/.image-ratings.json
[RatingsService] INFO: Total entries: 986
[RatingsService] INFO: Loaded ratings from: /Users/leonmao/Pictures/SortByArtist/.image-ratings.json
[RatingsService] INFO: Total entries: 986
[RatingsService] INFO: Loaded ratings from: /Users/leonmao/Pictures/SortByArtist/.image-ratings.json
[RatingsService] INFO: Total entries: 986
[ArtistGallery] Serving image: /Users/leonmao/Pictures/SortByArtist/yd_(orange_maru) - [[butcha-u - sohn_woohyoung]] - sakimichan/1girl, masterpiece, best quality, realistic, dynamic angle, long eyelashes, hair s-1494358479.png
[ArtistGallery] Successfully read metadata, prompt length: 577
[ArtistGallery] Serving image: /Users/leonmao/Pictures/SortByArtist/yd_(orange_maru) - [[butcha-u - sohn_woohyoung]] - sakimichan/1girl, masterpiece, best quality, realistic, dynamic angle, long eyelashes, hair s-4208659157.png
[VisionAnalysisRoutes] INFO: Analysis complete: 9/10 (75% confidence)
[ArtistGallery] Successfully read metadata, prompt length: 577
[VisionAnalysisRoutes] INFO: Analysis complete: 9/10 (69% confidence)
[RatingsService] INFO: Loaded ratings from: /Users/leonmao/Pictures/SortByArtist/.image-ratings.json
[RatingsService] INFO: Total entries: 986
[RatingsService] INFO: Loaded existing ratings with 986 entries
[RatingsService] INFO: Existing: 986 entries
[RatingsService] INFO: New: 988 entries
[RatingsService] INFO: Merged: 988 entries
[RatingsService] INFO: Ratings saved to: /Users/leonmao/Pictures/SortByArtist/.image-ratings.json
[RatingsService] INFO: Loaded ratings from: /Users/leonmao/Pictures/SortByArtist/.image-ratings.json
[RatingsService] INFO: Total entries: 988
[RatingsService] INFO: Loaded ratings from: /Users/leonmao/Pictures/SortByArtist/.image-ratings.json
[RatingsService] INFO: Total entries: 988
[RatingsService] INFO: Loaded ratings from: /Users/leonmao/Pictures/SortByArtist/.image-ratings.json
[RatingsService] INFO: Total entries: 988
[ArtistGallery] Serving image: /Users/leonmao/Pictures/SortByArtist/yd_(orange_maru) - [[butcha-u - sohn_woohyoung]] - cor369/1girl, masterpiece, best quality, realistic, dynamic angle, long eyelashes, hair s-4009991676.png
[ArtistGallery] Successfully read metadata, prompt length: 582
[ArtistGallery] Serving image: /Users/leonmao/Pictures/SortByArtist/yd_(orange_maru) - [[butcha-u - sohn_woohyoung]] - cor369/1girl, masterpiece, best quality, realistic, dynamic angle, long eyelashes, hair s-556315831.png
[RatingsService] INFO: Loaded ratings from: /Users/leonmao/Pictures/SortByArtist/.image-ratings.json
[RatingsService] INFO: Total entries: 988
[RatingsService] INFO: Loaded existing ratings with 988 entries
[RatingsService] INFO: Existing: 988 entries
[RatingsService] INFO: New: 988 entries
[RatingsService] INFO: Merged: 988 entries
[RatingsService] INFO: Ratings saved to: /Users/leonmao/Pictures/SortByArtist/.image-ratings.json
[RatingsService] INFO: Loaded ratings from: /Users/leonmao/Pictures/SortByArtist/.image-ratings.json
[RatingsService] INFO: Total entries: 988
[RatingsService] INFO: Loaded ratings from: /Users/leonmao/Pictures/SortByArtist/.image-ratings.json
[RatingsService] INFO: Total entries: 988
[RatingsService] INFO: Loaded ratings from: /Users/leonmao/Pictures/SortByArtist/.image-ratings.json
[RatingsService] INFO: Total entries: 988
[ArtistGallery] Serving image: /Users/leonmao/Pictures/SortByArtist/yd_(orange_maru) - [[butcha-u - sohn_woohyoung - hero_neisan]] - yoshio_(55level)/1girl, masterpiece, best quality, realistic, dynamic angle, long eyelashes, hair s-2801315242.png
[ArtistGallery] Successfully read metadata, prompt length: 604
[ArtistGallery] Serving image: /Users/leonmao/Pictures/SortByArtist/yd_(orange_maru) - [[butcha-u - sohn_woohyoung - hero_neisan]] - yoshio_(55level)/1girl, masterpiece, best quality, realistic, dynamic angle, long eyelashes, hair s-690265915.png
[ArtistGallery] Serving image: /Users/leonmao/Pictures/SortByArtist/yd_(orange_maru) - [[butcha-u - sohn_woohyoung - hero_neisan]] - yoshio_(55level)/1girl, masterpiece, best quality, realistic, dynamic angle, long eyelashes, hair s-99085213.png
[RatingsService] INFO: Loaded ratings from: /Users/leonmao/Pictures/SortByArtist/.image-ratings.json
[RatingsService] INFO: Total entries: 988
[RatingsService] INFO: Loaded existing ratings with 988 entries
[RatingsService] INFO: Existing: 988 entries
[RatingsService] INFO: New: 988 entries
[RatingsService] INFO: Merged: 988 entries
[RatingsService] INFO: Ratings saved to: /Users/leonmao/Pictures/SortByArtist/.image-ratings.json
[RatingsService] INFO: Loaded ratings from: /Users/leonmao/Pictures/SortByArtist/.image-ratings.json
[RatingsService] INFO: Total entries: 988
[RatingsService] INFO: Loaded ratings from: /Users/leonmao/Pictures/SortByArtist/.image-ratings.json
[RatingsService] INFO: Total entries: 988
[RatingsService] INFO: Loaded ratings from: /Users/leonmao/Pictures/SortByArtist/.image-ratings.json
[RatingsService] INFO: Total entries: 988
[ArtistGallery] Serving image: /Users/leonmao/Pictures/SortByArtist/yd_(orange_maru) - [[butcha-u - sohn_woohyoung - hero_neisan]] - shikuta_maru/1girl, masterpiece, best quality, realistic, [dynamic angle], Ting An (azur lane s-1823952070.png
[ArtistGallery] Successfully read metadata, prompt length: 595
[VisionAnalysisRoutes] INFO: Analysis complete: 9/10 (71% confidence)
[Feedback] Received imageId (length: 97): 1girl, masterpiece, best quality, realistic, [dynamic angle], Ting An (azur lane s-1823952070.png
[Feedback] INFO: Saved 473 feedback entries
[Feedback] New entry: 1girl, masterpiece, best quality, realistic, [dynamic angle], Ting An (azur lane s-1823952070.png | AI: 9 → User: 8 | Correction: -1
[RatingsService] INFO: Loaded ratings from: /Users/leonmao/Pictures/SortByArtist/.image-ratings.json
[RatingsService] INFO: Total entries: 988
[Server] ERROR: Unhandled error: request entity too large
[RatingsService] INFO: Loaded ratings from: /Users/leonmao/Pictures/SortByArtist/.image-ratings.json
[RatingsService] INFO: Total entries: 988
[RatingsService] INFO: Loaded ratings from: /Users/leonmao/Pictures/SortByArtist/.image-ratings.json
[RatingsService] INFO: Total entries: 988
[ArtistGallery] Successfully read metadata, prompt length: 604
[VisionAnalysisRoutes] INFO: Analysis complete: 9/10 (67% confidence)
[Feedback] Received imageId (length: 97): 1girl, masterpiece, best quality, realistic, dynamic angle, long eyelashes, hair s-2801315242.png
[Feedback] INFO: Saved 474 feedback entries
[Feedback] New entry: 1girl, masterpiece, best quality, realistic, dynamic angle, long eyelashes, hair s-2801315242.png | AI: 9 → User: 8 | Correction: -1
[ArtistGallery] Successfully read metadata, prompt length: 604
[VisionAnalysisRoutes] INFO: Analysis complete: 9/10 (73% confidence)
[Feedback] Received imageId (length: 96): 1girl, masterpiece, best quality, realistic, dynamic angle, long eyelashes, hair s-690265915.png
[Feedback] INFO: Saved 475 feedback entries
[Feedback] New entry: 1girl, masterpiece, best quality, realistic, dynamic angle, long eyelashes, hair s-690265915.png | AI: 9 → User: 8 | Correction: -1
[ArtistGallery] Successfully read metadata, prompt length: 604
[VisionAnalysisRoutes] INFO: Analysis complete: 9/10 (67% confidence)
[Feedback] Received imageId (length: 95): 1girl, masterpiece, best quality, realistic, dynamic angle, long eyelashes, hair s-99085213.png
[Feedback] INFO: Saved 476 feedback entries
[Feedback] New entry: 1girl, masterpiece, best quality, realistic, dynamic angle, long eyelashes, hair s-99085213.png | AI: 9 → User: 8 | Correction: -1
[RatingsService] INFO: Loaded ratings from: /Users/leonmao/Pictures/SortByArtist/.image-ratings.json
[RatingsService] INFO: Total entries: 988
[Server] ERROR: Unhandled error: request entity too large
[RatingsService] INFO: Loaded ratings from: /Users/leonmao/Pictures/SortByArtist/.image-ratings.json
[RatingsService] INFO: Total entries: 988
[RatingsService] INFO: Loaded ratings from: /Users/leonmao/Pictures/SortByArtist/.image-ratings.json
[RatingsService] INFO: Total entries: 988
[ArtistGallery] Successfully read metadata, prompt length: 582
[ArtistGallery] Successfully read metadata, prompt length: 582
[ArtistGallery] Successfully read metadata, prompt length: 582
[ArtistGallery] Successfully read metadata, prompt length: 582
[VisionAnalysisRoutes] INFO: Analysis complete: 9/10 (71% confidence)
[RatingsService] INFO: Loaded ratings from: /Users/leonmao/Pictures/SortByArtist/.image-ratings.json
[RatingsService] INFO: Total entries: 988
[Server] ERROR: Unhandled error: request entity too large
[RatingsService] INFO: Loaded ratings from: /Users/leonmao/Pictures/SortByArtist/.image-ratings.json
[RatingsService] INFO: Total entries: 988
[RatingsService] INFO: Loaded ratings from: /Users/leonmao/Pictures/SortByArtist/.image-ratings.json
[RatingsService] INFO: Total entries: 988
[ArtistGallery] Serving image: /Users/leonmao/Pictures/SortByArtist/yd_(orange_maru) - [[butcha-u - sohn_woohyoung]] - fei_(maidoll)/1girl, masterpiece, best quality, realistic, dynamic angle, long eyelashes, hair s-3815415351.png
[ArtistGallery] Successfully read metadata, prompt length: 590
[VisionAnalysisRoutes] INFO: Analysis complete: 9/10 (71% confidence)
[RatingsService] INFO: Loaded ratings from: /Users/leonmao/Pictures/SortByArtist/.image-ratings.json
[RatingsService] INFO: Total entries: 988
[Server] ERROR: Unhandled error: request entity too large
[RatingsService] INFO: Loaded ratings from: /Users/leonmao/Pictures/SortByArtist/.image-ratings.json
[RatingsService] INFO: Total entries: 988
[RatingsService] INFO: Loaded ratings from: /Users/leonmao/Pictures/SortByArtist/.image-ratings.json
[RatingsService] INFO: Total entries: 988
[ArtistGallery] Serving image: /Users/leonmao/Pictures/SortByArtist/yd_(orange_maru) - [[butcha-u - sohn_woohyoung]] - gtunver/1girl, masterpiece, best quality, realistic, dynamic angle, long eyelashes, hair s-3309190120.png
[ArtistGallery] Successfully read metadata, prompt length: 574
[VisionAnalysisRoutes] INFO: Analysis complete: 8/10 (66% confidence)
[RatingsService] INFO: Loaded ratings from: /Users/leonmao/Pictures/SortByArtist/.image-ratings.json
[RatingsService] INFO: Total entries: 988
[Server] ERROR: Unhandled error: request entity too large
[RatingsService] INFO: Loaded ratings from: /Users/leonmao/Pictures/SortByArtist/.image-ratings.json
[RatingsService] INFO: Total entries: 988
[RatingsService] INFO: Loaded ratings from: /Users/leonmao/Pictures/SortByArtist/.image-ratings.json
[RatingsService] INFO: Total entries: 988
[ArtistGallery] Serving image: /Users/leonmao/Pictures/SortByArtist/yd_(orange_maru) - [[butcha-u - sohn_woohyoung]] - jabara_tornado/1girl, masterpiece, best quality, realistic, dynamic angle, long eyelashes, hair s-1307547776.png
[ArtistGallery] Successfully read metadata, prompt length: 590
[ArtistGallery] Serving image: /Users/leonmao/Pictures/SortByArtist/yd_(orange_maru) - [[butcha-u - sohn_woohyoung]] - jabara_tornado/1girl, masterpiece, best quality, realistic, dynamic angle, long eyelashes, hair s-1562270782.png
[ArtistGallery] Serving image: /Users/leonmao/Pictures/SortByArtist/yd_(orange_maru) - [[butcha-u - sohn_woohyoung]] - jabara_tornado/1girl, masterpiece, best quality, realistic, dynamic angle, long eyelashes, hair s-1707976451.png
[ArtistGallery] Serving image: /Users/leonmao/Pictures/SortByArtist/yd_(orange_maru) - [[butcha-u - sohn_woohyoung]] - jabara_tornado/1girl, masterpiece, best quality, realistic, dynamic angle, long eyelashes, hair s-619348427.png
[ArtistGallery] Successfully read metadata, prompt length: 574
[ArtistGallery] Successfully read metadata, prompt length: 590
[RatingsService] INFO: Loaded ratings from: /Users/leonmao/Pictures/SortByArtist/.image-ratings.json
[RatingsService] INFO: Total entries: 988
[Server] ERROR: Unhandled error: request entity too large
[RatingsService] INFO: Loaded ratings from: /Users/leonmao/Pictures/SortByArtist/.image-ratings.json
[RatingsService] INFO: Total entries: 988
[RatingsService] INFO: Loaded ratings from: /Users/leonmao/Pictures/SortByArtist/.image-ratings.json
[RatingsService] INFO: Total entries: 988
[ArtistGallery] Serving image: /Users/leonmao/Pictures/SortByArtist/yd_(orange_maru) - [[butcha-u - hero_neisan]] - shikuta_maru/1girl, masterpiece, best quality, realistic, [dynamic angle], Bismarck Zwei (azu s-2664883079.png
[ArtistGallery] Successfully read metadata, prompt length: 610
[VisionAnalysisRoutes] INFO: Analysis complete: 9/10 (53% confidence)
[VisionAnalysisRoutes] INFO: Analysis complete: 9/10 (53% confidence)
[Feedback] Received imageId (length: 97): 1girl, masterpiece, best quality, realistic, [dynamic angle], Bismarck Zwei (azu s-2664883079.png
[Feedback] INFO: Saved 477 feedback entries
[Feedback] New entry: 1girl, masterpiece, best quality, realistic, [dynamic angle], Bismarck Zwei (azu s-2664883079.png | AI: 9 → User: 8 | Correction: -1
[RatingsService] INFO: Loaded ratings from: /Users/leonmao/Pictures/SortByArtist/.image-ratings.json
[RatingsService] INFO: Total entries: 988
[Server] ERROR: Unhandled error: request entity too large
[RatingsService] INFO: Loaded ratings from: /Users/leonmao/Pictures/SortByArtist/.image-ratings.json
[RatingsService] INFO: Total entries: 988
[FolderOperationsService] INFO: Successfully selected folder: /Users/leonmao/Pictures/SortByArtist
[FolderOperationsRoutes] INFO: Folder selected: /Users/leonmao/Pictures/SortByArtist
[PromptGroupingService] INFO: Using cached mapping for /Users/leonmao/Pictures/SortByArtist
[RatingsService] INFO: Loaded ratings from: /Users/leonmao/Pictures/SortByArtist/.image-ratings.json
[RatingsService] INFO: Total entries: 988
[RatingsService] INFO: Loaded ratings from: /Users/leonmao/Pictures/SortByArtist/.image-ratings.json
[RatingsService] INFO: Total entries: 988
[PromptGrouping/image-metadata] Extracted prompt, artists: [Cutesexyrobutts], {laserflip}, [butcha-u], {cor369}, jabara_tornado, {gtunver}, {{hero_neisan, sohn_woohyoung}}
[PromptGrouping/image-metadata] Extracted prompt, artists: [Cutesexyrobutts], {laserflip}, [butcha-u], {cor369}, jabara_tornado, {gtunver}, {{hero_neisan, sohn_woohyoung}}
[PromptGrouping/image-metadata] Extracted prompt, artists: yd_(orange_maru), [[butcha-u, sohn_woohyoung, laserflip]], shikuta_maru
[PromptGrouping/image-metadata] Extracted prompt, artists: yd_(orange_maru), [[butcha-u, sohn_woohyoung, laserflip]], shikuta_maru
[RatingsService] INFO: Loaded ratings from: /Users/leonmao/Pictures/SortByArtist/.image-ratings.json
[RatingsService] INFO: Total entries: 988
[RatingsService] INFO: Loaded existing ratings with 988 entries
[RatingsService] INFO: Existing: 988 entries
[RatingsService] INFO: New: 988 entries
[RatingsService] INFO: Merged: 988 entries
[RatingsService] INFO: Ratings saved to: /Users/leonmao/Pictures/SortByArtist/.image-ratings.json
[RatingsService] INFO: Loaded ratings from: /Users/leonmao/Pictures/SortByArtist/.image-ratings.json
[RatingsService] INFO: Total entries: 988
[RatingsService] INFO: Loaded ratings from: /Users/leonmao/Pictures/SortByArtist/.image-ratings.json
[RatingsService] INFO: Total entries: 988
[RatingsService] INFO: Loaded ratings from: /Users/leonmao/Pictures/SortByArtist/.image-ratings.json
[RatingsService] INFO: Total entries: 988
[PromptGrouping/image-metadata] Extracted prompt, artists: yd_(orange_maru), [[butcha-u, sohn_woohyoung, laserflip]], shikuta_maru
[PromptGrouping/image-metadata] Extracted prompt, artists: yd_(orange_maru), [[butcha-u, sohn_woohyoung, laserflip]], shikuta_maru
[PromptGrouping/image-metadata] Extracted prompt, artists: yd_(orange_maru), [[butcha-u, sohn_woohyoung, laserflip]], shikuta_maru
[BatchRating] INFO: New batch job submitted: 7dab0e31-73f4-436e-b909-6173fc841403
[BatchRating] INFO: Images: 2, Folder: /Users/leonmao/Pictures/SortByArtist
[BatchRating] INFO: Starting processing for job 7dab0e31-73f4-436e-b909-6173fc841403
[VisionAnalysisService] INFO: START detailed analysis: /Users/leonmao/Pictures/SortByArtist/yd_(orange_maru) - [[butcha-u - sohn_woohyoung - laserflip]] - shikuta_maru/1girl, masterpiece, best quality, realistic, [dynamic angle, side angle], [[st.  s-2780951064.png
[VisionAnalysisService] INFO: Detailed analysis complete: 8/10 (50% confidence)
[BatchRating] INFO: Processed 1girl, masterpiece, best quality, realistic, [dynamic angle, side angle], [[st.  s-2780951064.png: 8/10
[VisionAnalysisService] INFO: START detailed analysis: /Users/leonmao/Pictures/SortByArtist/yd_(orange_maru) - [[butcha-u - sohn_woohyoung - laserflip]] - shikuta_maru/1girl, masterpiece, best quality, realistic, [dynamic angle, side angle], [[st.  s-631775898.png
[VisionAnalysisService] INFO: Detailed analysis complete: 8/10 (63% confidence)
[BatchRating] INFO: Processed 1girl, masterpiece, best quality, realistic, [dynamic angle, side angle], [[st.  s-631775898.png: 8/10
[BatchRating] INFO: Job 7dab0e31-73f4-436e-b909-6173fc841403 completed successfully
[PromptGrouping/image-metadata] Extracted prompt, artists: yd_(orange_maru), [[butcha-u, sohn_woohyoung, laserflip]], shikuta_maru
[PromptGrouping/image-metadata] Extracted prompt, artists: yd_(orange_maru), [[butcha-u, sohn_woohyoung, laserflip]], shikuta_maru
[PromptGrouping/image-metadata] Extracted prompt, artists: yd_(orange_maru), [[butcha-u, sohn_woohyoung, laserflip]], shikuta_maru
[RatingsService] INFO: Loaded ratings from: /Users/leonmao/Pictures/SortByArtist/.image-ratings.json
[RatingsService] INFO: Total entries: 988
[Server] ERROR: Unhandled error: request entity too large
[RatingsService] INFO: Loaded ratings from: /Users/leonmao/Pictures/SortByArtist/.image-ratings.json
[RatingsService] INFO: Total entries: 988
[RatingsService] INFO: Loaded ratings from: /Users/leonmao/Pictures/SortByArtist/.image-ratings.json
[RatingsService] INFO: Total entries: 988
[PromptGrouping/image-metadata] Extracted prompt, artists: yd_(orange_maru), [[butcha-u, sohn_woohyoung, laserflip]], shikuta_maru
[PromptGrouping/image-metadata] Extracted prompt, artists: yd_(orange_maru), [[butcha-u, sohn_woohyoung, laserflip]], shikuta_maru
[PromptGrouping/image-metadata] Extracted prompt, artists: yd_(orange_maru), [[butcha-u, sohn_woohyoung, laserflip]], shikuta_maru
[PromptGrouping/image-metadata] Extracted prompt, artists: yd_(orange_maru), [[butcha-u, sohn_woohyoung, laserflip]], shikuta_maru
[PromptGrouping/image-metadata] Extracted prompt, artists: yd_(orange_maru), [[butcha-u, sohn_woohyoung, laserflip]], shikuta_maru
[PromptGrouping/image-metadata] Extracted prompt, artists: yd_(orange_maru), [[butcha-u, sohn_woohyoung, laserflip]], shikuta_maru
[PromptGrouping/image-metadata] Extracted prompt, artists: yd_(orange_maru), [[butcha-u, sohn_woohyoung, laserflip]], shikuta_maru
[PromptGrouping/image-metadata] Extracted prompt, artists: yd_(orange_maru), [[butcha-u, sohn_woohyoung, laserflip]], shikuta_maru
[PromptGrouping/image-metadata] Extracted prompt, artists: yd_(orange_maru), [[butcha-u, sohn_woohyoung, laserflip]], shikuta_maru
[PromptGrouping/image-metadata] Extracted prompt, artists: yd_(orange_maru), [[butcha-u, sohn_woohyoung, laserflip]], shikuta_maru
[PromptGrouping/image-metadata] Extracted prompt, artists: yd_(orange_maru), [[butcha-u, sohn_woohyoung, laserflip]], shikuta_maru
[PromptGrouping/image-metadata] Extracted prompt, artists: yd_(orange_maru), [[butcha-u, sohn_woohyoung, laserflip]], shikuta_maru
[PromptGrouping/image-metadata] Extracted prompt, artists: yd_(orange_maru), [[butcha-u, sohn_woohyoung, laserflip]], shikuta_maru
[PromptGrouping/image-metadata] Extracted prompt, artists: yd_(orange_maru), [[butcha-u, sohn_woohyoung, laserflip]], shikuta_maru
[PromptGrouping/image-metadata] Extracted prompt, artists: yd_(orange_maru), [[butcha-u, sohn_woohyoung, laserflip]], shikuta_maru
[PromptGrouping/image-metadata] Extracted prompt, artists: yd_(orange_maru), [[butcha-u, sohn_woohyoung, laserflip]], shikuta_maru
[PromptGrouping/image-metadata] Extracted prompt, artists: yd_(orange_maru), [[butcha-u, sohn_woohyoung, laserflip]], shikuta_maru
[PromptGrouping/image-metadata] Extracted prompt, artists: yd_(orange_maru), [[butcha-u, sohn_woohyoung, laserflip]], shikuta_maru
[PromptGrouping/image-metadata] Extracted prompt, artists: yd_(orange_maru), [[butcha-u, sohn_woohyoung, laserflip]], shikuta_maru
[PromptGrouping/image-metadata] Extracted prompt, artists: yd_(orange_maru), [[butcha-u, sohn_woohyoung, laserflip]], shikuta_maru
[PromptGrouping/image-metadata] Extracted prompt, artists: yd_(orange_maru), [[butcha-u, sohn_woohyoung, laserflip]], shikuta_maru
[PromptGrouping/image-metadata] Extracted prompt, artists: yd_(orange_maru), [[butcha-u, sohn_woohyoung, laserflip]], shikuta_maru
[RatingsService] INFO: Loaded ratings from: /Users/leonmao/Pictures/SortByArtist/.image-ratings.json
[RatingsService] INFO: Total entries: 988
[Server] ERROR: Unhandled error: request entity too large
[RatingsService] INFO: Loaded ratings from: /Users/leonmao/Pictures/SortByArtist/.image-ratings.json
[RatingsService] INFO: Total entries: 988
[RatingsService] INFO: Loaded ratings from: /Users/leonmao/Pictures/SortByArtist/.image-ratings.json
[RatingsService] INFO: Total entries: 988
[PromptGrouping/image-metadata] Extracted prompt, artists: yd_(orange_maru), [[butcha-u, sohn_woohyoung, laserflip]], shikuta_maru
[PromptGrouping/image-metadata] Extracted prompt, artists: yd_(orange_maru), [[butcha-u, sohn_woohyoung, laserflip]], shikuta_maru
[PromptGrouping/image-metadata] Extracted prompt, artists: yd_(orange_maru), [[butcha-u, sohn_woohyoung, laserflip]], shikuta_maru
[PromptGrouping/image-metadata] Extracted prompt, artists: yd_(orange_maru), [[butcha-u, sohn_woohyoung, laserflip]], shikuta_maru
[PromptGrouping/image-metadata] Extracted prompt, artists: yd_(orange_maru), [[butcha-u, sohn_woohyoung, laserflip]], shikuta_maru
[PromptGrouping/image-metadata] Extracted prompt, artists: yd_(orange_maru), [[butcha-u, sohn_woohyoung, laserflip]], shikuta_maru
[PromptGrouping/image-metadata] Extracted prompt, artists: yd_(orange_maru), [[butcha-u, sohn_woohyoung, laserflip]], shikuta_maru
[RatingsService] INFO: Loaded ratings from: /Users/leonmao/Pictures/SortByArtist/.image-ratings.json
[RatingsService] INFO: Total entries: 988
[Server] ERROR: Unhandled error: request entity too large
[RatingsService] INFO: Loaded ratings from: /Users/leonmao/Pictures/SortByArtist/.image-ratings.json
[RatingsService] INFO: Total entries: 988
[RatingsService] INFO: Loaded ratings from: /Users/leonmao/Pictures/SortByArtist/.image-ratings.json
[RatingsService] INFO: Total entries: 988
[PromptGrouping/image-metadata] Extracted prompt, artists: yd_(orange_maru), [[butcha-u, sohn_woohyoung, laserflip]], shikuta_maru
[PromptGrouping/image-metadata] Extracted prompt, artists: yd_(orange_maru), [[butcha-u, sohn_woohyoung, laserflip]], shikuta_maru
[RatingsService] INFO: Loaded ratings from: /Users/leonmao/Pictures/SortByArtist/.image-ratings.json
[RatingsService] INFO: Total entries: 988
[Server] ERROR: Unhandled error: request entity too large
[RatingsService] INFO: Loaded ratings from: /Users/leonmao/Pictures/SortByArtist/.image-ratings.json
[RatingsService] INFO: Total entries: 988
[RatingsService] INFO: Loaded ratings from: /Users/leonmao/Pictures/SortByArtist/.image-ratings.json
[RatingsService] INFO: Total entries: 988
[PromptGrouping/image-metadata] Extracted prompt, artists: [[jonsun, furau]], {{sohn_woohyoung}}, artist: yd_(orange_maru)
[PromptGrouping/image-metadata] Extracted prompt, artists: {{zhen lu}}, green_ketchup
[PromptGrouping/image-metadata] Extracted prompt, artists: {{zhen lu}}, green_ketchup
[PromptGrouping/image-metadata] Extracted prompt, artists: {{whyd5424}}
[PromptGrouping/image-metadata] Extracted prompt, artists: {{try_(lsc)}}
[PromptGrouping/image-metadata] Extracted prompt, artists: {{try_(lsc)}}
[PromptGrouping/image-metadata] Extracted prompt, artists: {{try_(lsc)
[PromptGrouping/image-metadata] Extracted prompt, artists: {{sohn_woohyoung}}, byeon_dha
[PromptGrouping/image-metadata] Extracted prompt, artists: {{sakimichan}}, artist: sohn_woohyoung, hero_neisan, laserflip, butcha-u
[PromptGrouping/image-metadata] Extracted prompt, artists: {{sakimichan}}, [siu_(siu0207)], hero_neisan, {laserflip}, butcha-u, [[jonsun]]
[PromptGrouping/image-metadata] Extracted prompt, artists: {{niliu_chahui}}
[PromptGrouping/image-metadata] Extracted prompt, artists: {{sakimichan}}, [siu_(siu0207)], hero_neisan, {laserflip}, butcha-u, [[jonsun]]
[RatingsService] INFO: Loaded ratings from: /Users/leonmao/Pictures/SortByArtist/.image-ratings.json
[RatingsService] INFO: Total entries: 988
[Server] ERROR: Unhandled error: request entity too large
[RatingsService] INFO: Loaded ratings from: /Users/leonmao/Pictures/SortByArtist/.image-ratings.json
[RatingsService] INFO: Total entries: 988
[RatingsService] INFO: Loaded ratings from: /Users/leonmao/Pictures/SortByArtist/.image-ratings.json
[RatingsService] INFO: Total entries: 988
[PromptGrouping/image-metadata] Extracted prompt, artists: laserflip, Aiue Oka, {{butcha-u}}, {thirty8ight}, {{{yd orange maru}}}, chamchami
[PromptGrouping/image-metadata] Extracted prompt, artists: laserflip, Aiue Oka, {{butcha-u}}, {thirty8ight}, {{{yd orange maru}}}, chamchami
[RatingsService] INFO: Loaded ratings from: /Users/leonmao/Pictures/SortByArtist/.image-ratings.json
[RatingsService] INFO: Total entries: 988
[Server] ERROR: Unhandled error: request entity too large
[RatingsService] INFO: Loaded ratings from: /Users/leonmao/Pictures/SortByArtist/.image-ratings.json
[RatingsService] INFO: Total entries: 988
[RatingsService] INFO: Loaded ratings from: /Users/leonmao/Pictures/SortByArtist/.image-ratings.json
[RatingsService] INFO: Total entries: 988
[PromptGrouping/image-metadata] Extracted prompt, artists: yd_(orange_maru), [[butcha-u, sohn_woohyoung, laserflip]], shikuta_maru
[PromptGrouping/image-metadata] Extracted prompt, artists: yd_(orange_maru), [[butcha-u, sohn_woohyoung, laserflip]], shikuta_maru
[RatingsService] INFO: Loaded ratings from: /Users/leonmao/Pictures/SortByArtist/.image-ratings.json
[RatingsService] INFO: Total entries: 988
[Server] ERROR: Unhandled error: request entity too large
[RatingsService] INFO: Loaded ratings from: /Users/leonmao/Pictures/SortByArtist/.image-ratings.json
[RatingsService] INFO: Total entries: 988
[RatingsService] INFO: Loaded ratings from: /Users/leonmao/Pictures/SortByArtist/.image-ratings.json
[RatingsService] INFO: Total entries: 988
[PromptGrouping/image-metadata] Extracted prompt, artists: yd_(orange_maru), [[butcha-u, sohn_woohyoung, laserflip]], shikuta_maru
[PromptGrouping/image-metadata] Extracted prompt, artists: yd_(orange_maru), [[butcha-u, sohn_woohyoung, laserflip]], shikuta_maru
[PromptGrouping/image-metadata] Extracted prompt, artists: yd_(orange_maru), [[butcha-u, sohn_woohyoung, laserflip]], shikuta_maru
[PromptGrouping/image-metadata] Extracted prompt, artists: yd_(orange_maru), [[butcha-u, sohn_woohyoung, laserflip]], shikuta_maru
[RatingsService] INFO: Loaded ratings from: /Users/leonmao/Pictures/SortByArtist/.image-ratings.json
[RatingsService] INFO: Total entries: 988
[Server] ERROR: Unhandled error: request entity too large
[RatingsService] INFO: Loaded ratings from: /Users/leonmao/Pictures/SortByArtist/.image-ratings.json
[RatingsService] INFO: Total entries: 988
[RatingsService] INFO: Loaded ratings from: /Users/leonmao/Pictures/SortByArtist/.image-ratings.json
[RatingsService] INFO: Total entries: 988
[PromptGrouping/image-metadata] Extracted prompt, artists: yd_(orange_maru), [[butcha-u, sohn_woohyoung, laserflip]], shikuta_maru
[PromptGrouping/image-metadata] Extracted prompt, artists: yd_(orange_maru), [[butcha-u, sohn_woohyoung, laserflip]], shikuta_maru
[PromptGrouping/image-metadata] Extracted prompt, artists: yd_(orange_maru), [[butcha-u, sohn_woohyoung, laserflip]], shikuta_maru
[PromptGrouping/image-metadata] Extracted prompt, artists: yd_(orange_maru), [[butcha-u, sohn_woohyoung, laserflip]], shikuta_maru
[RatingsService] INFO: Loaded ratings from: /Users/leonmao/Pictures/SortByArtist/.image-ratings.json
[RatingsService] INFO: Total entries: 988
[Server] ERROR: Unhandled error: request entity too large
[RatingsService] INFO: Loaded ratings from: /Users/leonmao/Pictures/SortByArtist/.image-ratings.json
[RatingsService] INFO: Total entries: 988
[RatingsService] INFO: Loaded ratings from: /Users/leonmao/Pictures/SortByArtist/.image-ratings.json
[RatingsService] INFO: Total entries: 988
[PromptGrouping/image-metadata] Extracted prompt, artists: yd_(orange_maru), [[butcha-u, sohn_woohyoung, laserflip]], shikuta_maru
[PromptGrouping/image-metadata] Extracted prompt, artists: yd_(orange_maru), [[butcha-u, sohn_woohyoung, laserflip]], shikuta_maru
[PromptGrouping/image-metadata] Extracted prompt, artists: yd_(orange_maru), [[butcha-u, sohn_woohyoung, laserflip]], shikuta_maru
[RatingsService] INFO: Loaded ratings from: /Users/leonmao/Pictures/SortByArtist/.image-ratings.json
[RatingsService] INFO: Total entries: 988
[Server] ERROR: Unhandled error: request entity too large
[RatingsService] INFO: Loaded ratings from: /Users/leonmao/Pictures/SortByArtist/.image-ratings.json
[RatingsService] INFO: Total entries: 988
[RatingsService] INFO: Loaded ratings from: /Users/leonmao/Pictures/SortByArtist/.image-ratings.json
[RatingsService] INFO: Total entries: 988
[PromptGrouping/image-metadata] Extracted prompt, artists: yd_(orange_maru), [[butcha-u, sohn_woohyoung, laserflip]], shikuta_maru
[RatingsService] INFO: Loaded ratings from: /Users/leonmao/Pictures/SortByArtist/.image-ratings.json
[RatingsService] INFO: Total entries: 988
[Server] ERROR: Unhandled error: request entity too large
[RatingsService] INFO: Loaded ratings from: /Users/leonmao/Pictures/SortByArtist/.image-ratings.json
[RatingsService] INFO: Total entries: 988
[RatingsService] INFO: Loaded ratings from: /Users/leonmao/Pictures/SortByArtist/.image-ratings.json
[RatingsService] INFO: Total entries: 988
[PromptGrouping/image-metadata] Extracted prompt, artists: yd_(orange_maru), [[butcha-u, sohn_woohyoung, laserflip]], shikuta_maru
[PromptGrouping/image-metadata] Extracted prompt, artists: yd_(orange_maru), [[butcha-u, sohn_woohyoung, laserflip]], shikuta_maru
[PromptGrouping/image-metadata] Extracted prompt, artists: yd_(orange_maru), [[butcha-u, sohn_woohyoung, laserflip]], shikuta_maru
[PromptGrouping/image-metadata] Extracted prompt, artists: yd_(orange_maru), [[butcha-u, sohn_woohyoung, laserflip]], shikuta_maru
[PromptGrouping/image-metadata] Extracted prompt, artists: yd_(orange_maru), [[butcha-u, sohn_woohyoung, laserflip]], shikuta_maru
[PromptGrouping/image-metadata] Extracted prompt, artists: yd_(orange_maru), [[butcha-u, sohn_woohyoung, laserflip]], shikuta_maru
[PromptGrouping/image-metadata] Extracted prompt, artists: yd_(orange_maru), [[butcha-u, sohn_woohyoung, laserflip]], shikuta_maru
[PromptGrouping/image-metadata] Extracted prompt, artists: yd_(orange_maru), [[butcha-u, sohn_woohyoung, laserflip]], shikuta_maru
[RatingsService] INFO: Loaded ratings from: /Users/leonmao/Pictures/SortByArtist/.image-ratings.json
[RatingsService] INFO: Total entries: 988
[Server] ERROR: Unhandled error: request entity too large
[RatingsService] INFO: Loaded ratings from: /Users/leonmao/Pictures/SortByArtist/.image-ratings.json
[RatingsService] INFO: Total entries: 988
[RatingsService] INFO: Loaded ratings from: /Users/leonmao/Pictures/SortByArtist/.image-ratings.json
[RatingsService] INFO: Total entries: 988
[PromptGrouping/image-metadata] Extracted prompt, artists: yd_(orange_maru), [[butcha-u, sohn_woohyoung, laserflip]], shikuta_maru
[RatingsService] INFO: Loaded ratings from: /Users/leonmao/Pictures/SortByArtist/.image-ratings.json
[RatingsService] INFO: Total entries: 988
[Server] ERROR: Unhandled error: request entity too large
[RatingsService] INFO: Loaded ratings from: /Users/leonmao/Pictures/SortByArtist/.image-ratings.json
[RatingsService] INFO: Total entries: 988
[RatingsService] INFO: Loaded ratings from: /Users/leonmao/Pictures/SortByArtist/.image-ratings.json
[RatingsService] INFO: Total entries: 988
[PromptGrouping/image-metadata] Extracted prompt, artists: yd_(orange_maru), [[butcha-u, sohn_woohyoung, laserflip]], shikuta_maru
[PromptGrouping/image-metadata] Extracted prompt, artists: yd_(orange_maru), [[butcha-u, sohn_woohyoung, laserflip]], shikuta_maru
[PromptGrouping/image-metadata] Extracted prompt, artists: yd_(orange_maru), [[butcha-u, sohn_woohyoung, laserflip]], shikuta_maru
[PromptGrouping/image-metadata] Extracted prompt, artists: yd_(orange_maru), [[butcha-u, sohn_woohyoung, laserflip]], shikuta_maru
[PromptGrouping/image-metadata] Extracted prompt, artists: yd_(orange_maru), [[butcha-u, sohn_woohyoung, laserflip]], shikuta_maru
[RatingsService] INFO: Loaded ratings from: /Users/leonmao/Pictures/SortByArtist/.image-ratings.json
[RatingsService] INFO: Total entries: 988
[Server] ERROR: Unhandled error: request entity too large
[RatingsService] INFO: Loaded ratings from: /Users/leonmao/Pictures/SortByArtist/.image-ratings.json
[RatingsService] INFO: Total entries: 988
[RatingsService] INFO: Loaded ratings from: /Users/leonmao/Pictures/SortByArtist/.image-ratings.json
[RatingsService] INFO: Total entries: 988
[PromptGrouping/image-metadata] Extracted prompt, artists: yd_(orange_maru), [[butcha-u, sohn_woohyoung, laserflip]], shikuta_maru
[PromptGrouping/image-metadata] Extracted prompt, artists: yd_(orange_maru), [[butcha-u, sohn_woohyoung, laserflip]], shikuta_maru
[RatingsService] INFO: Loaded ratings from: /Users/leonmao/Pictures/SortByArtist/.image-ratings.json
[RatingsService] INFO: Total entries: 988
[Server] ERROR: Unhandled error: request entity too large
[RatingsService] INFO: Loaded ratings from: /Users/leonmao/Pictures/SortByArtist/.image-ratings.json
[RatingsService] INFO: Total entries: 988
[RatingsService] INFO: Loaded ratings from: /Users/leonmao/Pictures/SortByArtist/.image-ratings.json
[RatingsService] INFO: Total entries: 988
[PromptGrouping/image-metadata] Extracted prompt, artists: yd_(orange_maru), [[butcha-u, sohn_woohyoung, laserflip]], shikuta_maru
[PromptGrouping/image-metadata] Extracted prompt, artists: yd_(orange_maru), [[butcha-u, sohn_woohyoung, laserflip]], shikuta_maru
[RatingsService] INFO: Loaded ratings from: /Users/leonmao/Pictures/SortByArtist/.image-ratings.json
[RatingsService] INFO: Total entries: 988
[Server] ERROR: Unhandled error: request entity too large
[RatingsService] INFO: Loaded ratings from: /Users/leonmao/Pictures/SortByArtist/.image-ratings.json
[RatingsService] INFO: Total entries: 988
[ReviewsRoutes] INFO: Retrieved 18 reviews
[ReviewsRoutes] INFO: Retrieved 18 reviews
[RatingsService] INFO: Loaded ratings from: /Users/leonmao/Pictures/SortByArtist/.image-ratings.json
[RatingsService] INFO: Total entries: 988
[ArtistGallery] Serving image: /Users/leonmao/Pictures/SortByArtist/[Cutesexyrobutts] - {laserflip} - [butcha-u] - {cor369} - jabara_tornado - {gtunver} - {{hero_neisan - sohn_woohyoung}}/1girl, masterpiece, best quality, realistic, [dynamic angle, facing side], [[asu s-2431514076.png
[ArtistGallery] Serving image: /Users/leonmao/Pictures/SortByArtist/[[[badapple1003]]] - {laserflip} - [butcha-u] - {cor369} - jabara_tornado - {gtunver} - {{hero_neisan - sohn_woohyoung}}/1girl, {{kugisaki nobara (Jujutsu kaisen), brown eyes, brown hair, large breasts s-1910090355.png
[ArtistGallery] Serving image: /Users/leonmao/Pictures/SortByArtist/[[badapple1003]] - {laserflip} - [butcha-u] - [cor369] - jabara_tornado - {gtunver} - {{hero_neisan - sohn_woohyoung}}/1girl, {{kitagawa marin, pink eyes, blonde hair, long hair, large breasts, wide  s-1630293119.png
[ArtistGallery] Serving image: /Users/leonmao/Pictures/SortByArtist/[[badapple1003]] - {laserflip} - [butcha-u] - {cor369} - jabara_tornado - {gtunver} - {{hero_neisan - sohn_woohyoung}}/1girl, {{asuna (blue archive), blue eyes, blonde hair, long hair, large breasts, s-454871450.png
[ArtistGallery] Serving image: /Users/leonmao/Pictures/SortByArtist/[[yoshio (55level)]] - [[laserflip - hero_neisan]] - {{{zhen lu}}}/1girl, {{ayase momo, brown eyes, brown hair, large breasts, wide hips, nude, nak s-1086443275.png
[RatingsService] INFO: Loaded ratings from: /Users/leonmao/Pictures/SortByArtist/.image-ratings.json
[RatingsService] INFO: Total entries: 988
[ArtistGallery] Serving image: /Users/leonmao/Pictures/SortByArtist/[Cutesexyrobutts] - {laserflip} - [butcha-u] - {cor369} - jabara_tornado - {gtunver} - {{hero_neisan - sohn_woohyoung}}/1girl, masterpiece, best quality, realistic, [dynamic angle, facing side], [[asu s-2431514076.png
[ArtistGallery] Successfully read metadata, prompt length: 650
[ArtistGallery] Serving image: /Users/leonmao/Pictures/SortByArtist/[Cutesexyrobutts] - {laserflip} - [butcha-u] - {cor369} - jabara_tornado - {gtunver} - {{hero_neisan - sohn_woohyoung}}/1girl, masterpiece, best quality, realistic, [dynamic angle, facing side], [[asu s-3521435705.png
[ArtistGallery] Serving image: /Users/leonmao/Pictures/SortByArtist/[Cutesexyrobutts] - {laserflip} - [butcha-u] - {cor369} - jabara_tornado - {gtunver} - {{hero_neisan - sohn_woohyoung}}/1girl, masterpiece, best quality, realistic, [dynamic angle], [[asuna (blue arch s-3287719474.png
[ArtistGallery] Serving image: /Users/leonmao/Pictures/SortByArtist/[Cutesexyrobutts] - {laserflip} - [butcha-u] - {cor369} - jabara_tornado - {gtunver} - {{hero_neisan - sohn_woohyoung}}/1girl, masterpiece, best quality, realistic, [dynamic angle], [[asuna (blue arch s-3287719475.png
[ArtistGallery] Serving image: /Users/leonmao/Pictures/SortByArtist/[Cutesexyrobutts] - {laserflip} - [butcha-u] - {cor369} - jabara_tornado - {gtunver} - {{hero_neisan - sohn_woohyoung}}/1girl, masterpiece, best quality, realistic, [dynamic angle], [[asuna (blue arch s-3287719476.png
[ArtistGallery] Serving image: /Users/leonmao/Pictures/SortByArtist/[Cutesexyrobutts] - {laserflip} - [butcha-u] - {cor369} - jabara_tornado - {gtunver} - {{hero_neisan - sohn_woohyoung}}/1girl, {{Clay (NIKKE), red eyes, ash blonde hair,  twin tails, large breasts, wi s-1685468724.png
[ArtistGallery] Serving image: /Users/leonmao/Pictures/SortByArtist/[Cutesexyrobutts] - {laserflip} - [butcha-u] - {cor369} - jabara_tornado - {gtunver} - {{hero_neisan - sohn_woohyoung}}/1girl, {{Clay (NIKKE), red eyes, ash blonde hair,  twin tails, large breasts, wi s-255707827.png
[ArtistGallery] Serving image: /Users/leonmao/Pictures/SortByArtist/[Cutesexyrobutts] - {laserflip} - [butcha-u] - {cor369} - jabara_tornado - {gtunver} - {{hero_neisan - sohn_woohyoung}}/1girl, {{ayase momo, brown eyes, brown hair, large breasts, wide hips, nude, nak s-1098882213 (1).png
[ArtistGallery] Serving image: /Users/leonmao/Pictures/SortByArtist/[Cutesexyrobutts] - {laserflip} - [butcha-u] - {cor369} - jabara_tornado - {gtunver} - {{hero_neisan - sohn_woohyoung}}/1girl, {{ayase momo, brown eyes, brown hair, large breasts, wide hips, nude, nak s-1098882213.png
[ArtistGallery] Serving image: /Users/leonmao/Pictures/SortByArtist/[Cutesexyrobutts] - {laserflip} - [butcha-u] - {cor369} - jabara_tornado - {gtunver} - {{hero_neisan - sohn_woohyoung}}/1girl, {{ayase momo, brown eyes, brown hair, large breasts, wide hips, nude, nak s-1258507708.png
[ArtistGallery] Serving image: /Users/leonmao/Pictures/SortByArtist/[Cutesexyrobutts] - {laserflip} - [butcha-u] - {cor369} - jabara_tornado - {gtunver} - {{hero_neisan - sohn_woohyoung}}/1girl, {{ayase momo, brown eyes, brown hair, large breasts, wide hips, nude, nak s-3460728383.png
[RatingsService] INFO: Loaded ratings from: /Users/leonmao/Pictures/SortByArtist/.image-ratings.json
[RatingsService] INFO: Total entries: 988
[RatingsService] INFO: Loaded existing ratings with 988 entries
[RatingsService] INFO: Existing: 988 entries
[RatingsService] INFO: New: 988 entries
[RatingsService] INFO: Merged: 988 entries
[RatingsService] INFO: Ratings saved to: /Users/leonmao/Pictures/SortByArtist/.image-ratings.json
[RatingsService] INFO: Loaded ratings from: /Users/leonmao/Pictures/SortByArtist/.image-ratings.json
[RatingsService] INFO: Total entries: 988
[RatingsService] INFO: Loaded ratings from: /Users/leonmao/Pictures/SortByArtist/.image-ratings.json
[RatingsService] INFO: Total entries: 988
[RatingsService] INFO: Loaded ratings from: /Users/leonmao/Pictures/SortByArtist/.image-ratings.json
[RatingsService] INFO: Total entries: 988
[RatingsService] INFO: Loaded ratings from: /Users/leonmao/Pictures/SortByArtist/.image-ratings.json
[RatingsService] INFO: Total entries: 988
[ArtistGallery] Serving image: /Users/leonmao/Pictures/SortByArtist/[badapple1003] - {laserflip} - [butcha-u] - {cor369} - jabara_tornado - {gtunver} - {{hero_neisan - sohn_woohyoung}}/1girl, {{ayase momo, brown eyes, brown hair, large breasts, wide hips, nude, nak s-2914389851.png
[ArtistGallery] Serving image: /Users/leonmao/Pictures/SortByArtist/[beeeeen] - {laserflip} - [butcha-u] - {cor369} - jabara_tornado - {gtunver} - {{hero_neisan - sohn_woohyoung}}/1girl, {{ayase momo, brown eyes, brown hair, large breasts, wide hips, nude, nak s-4197405846.png
[ArtistGallery] Serving image: /Users/leonmao/Pictures/SortByArtist/[beeeeen] - {laserflip} - [butcha-u] - {cor369} - jabara_tornado - {gtunver} - {{hero_neisan - sohn_woohyoung}} - {{{zhen lu}}}/1girl, {{ayase momo, brown eyes, brown hair, large breasts, wide hips, nude, nak s-1505298738.png
[ArtistGallery] Serving image: /Users/leonmao/Pictures/SortByArtist/[jonsun] - {laserflip} - [butcha-u] - {cor369} - jabara_tornado - {gtunver} - {{hero_neisan - sohn_woohyoung}}/1girl, {{ayase momo, brown eyes, brown hair, large breasts, wide hips, nude, nak s-4107545996.png
[ArtistGallery] Serving image: /Users/leonmao/Pictures/SortByArtist/[laserflip - butcha-u] - cor369 - {{{aiue oka}}} - chamchami/1girl, {{{{kugisaki nobara, brown eyes, brown hair, large breasts, wide hips, nu s-2837363810.png
[ArtistGallery] Serving image: /Users/leonmao/Pictures/SortByArtist/[laserflip - butcha-u] - cor369 - {{{aiue oka}}} - thirty8ight/1girl, {{{{kugisaki nobara, brown eyes, brown hair, large breasts, wide hips, nu s-3774076596.png
[ArtistGallery] Serving image: /Users/leonmao/Pictures/SortByArtist/[laserflip - butcha-u] - cor369 - {{{aiue oka}}} - {ponchi}/1girl, {{{{kugisaki nobara, brown eyes, brown hair, large breasts, wide hips, nu s-18528845.png
[ArtistGallery] Serving image: /Users/leonmao/Pictures/SortByArtist/asa - teng zi - blue bone/1girl, {{kitagawa marin, pink eyes, blonde hair, large breasts, wide hips, nude, s-2258883167.png
[ArtistGallery] Serving image: /Users/leonmao/Pictures/SortByArtist/butcha-u - {cor369} - yd orange maru - chamchami - {{hero_neisan - laserflip}} - {{{sohn_woohyoung}}}/1girl, {{{{kugisaki nobara, brown eyes, brown hair, large breasts, wide hips, nu s-213880518.png
[ArtistGallery] Serving image: /Users/leonmao/Pictures/SortByArtist/kuroi_suna/1girl, {{kitagawa marin, pink eyes, blonde hair, large breasts, wide hips, nude, s-385529449.png
[ArtistGallery] Serving image: /Users/leonmao/Pictures/SortByArtist/laserflip/1girl, {{kitagawa marin, pink eyes, blonde hair, large breasts, wide hips, nude, s-335173857.png
[ArtistGallery] Serving image: /Users/leonmao/Pictures/SortByArtist/laserflip - Aiue Oka - butcha-u - {thirty8ight} - {{{yd orange maru}}} - chamchami/1girl, {{{Miyajima Tsubaki (Saimin Seishidou), purple eyes, black hair, large br s-1457109172.png
[ArtistGallery] Serving image: /Users/leonmao/Pictures/SortByArtist/laserflip - Aiue Oka - {{butcha-u}} - {thirty8ight} - {{{yd orange maru}}} - chamchami/1girl, {{{Miyajima Tsubaki (Saimin Seishidou), purple eyes, black hair, large br s-1985182934.png
[ArtistGallery] Serving image: /Users/leonmao/Pictures/SortByArtist/laserflip - [butcha-u] - cor369 - {{{aiue oka}}} - chamchami/1girl, {{{{kugisaki nobara, brown eyes, brown hair, large breasts, wide hips, nu s-1382707310.png
[ArtistGallery] Serving image: /Users/leonmao/Pictures/SortByArtist/laserflip - [butcha-u] - {cor369} - yd_(orange_maru)} - chamichami - {{hero_neisan}} - {{{sohn_woohyoung}}}/1girl, {{kugisaki nobara, brown eyes, brown hair, large breasts, wide hips, nude s-2031159778.png
[ArtistGallery] Serving image: /Users/leonmao/Pictures/SortByArtist/laserflip - butcha-u - [[aiue oka - cor369]] - {{yd orange maru}} - chamchami/1girl, {{{{ayase momo, brown eyes, brown hair, large breasts, wide hips, nude, n s-2423997450.png
[ArtistGallery] Serving image: /Users/leonmao/Pictures/SortByArtist/laserflip - butcha-u - [[cor369]] - {{yd orange maru}} - chamchami/1girl, {{{{kugisaki nobara, brown eyes, brown hair, large breasts, wide hips, nu s-100576610.png
[ArtistGallery] Serving image: /Users/leonmao/Pictures/SortByArtist/laserflip - butcha-u - [aiue oka - cor369] - {{yd orange maru}} - chamchami/1girl, {{{{ayase momo, brown eyes, brown hair, large breasts, wide hips, nude, n s-4150106525 (1).png
[ArtistGallery] Serving image: /Users/leonmao/Pictures/SortByArtist/laserflip - butcha-u - [aiue oka] - {cor369} - {{yd orange maru}} - chamchami/1girl, {{{{kugisaki nobara, brown eyes, brown hair, large breasts, wide hips, nu s-1638242844.png
[ArtistGallery] Serving image: /Users/leonmao/Pictures/SortByArtist/laserflip - butcha-u - [aiue oka] - {cor369} - {{{yd orange maru}}} - chamchami/1girl, {{{{kugisaki nobara, brown eyes, brown hair, large breasts, wide hips, nu s-2719141528.png
[ArtistGallery] Serving image: /Users/leonmao/Pictures/SortByArtist/laserflip - butcha-u - [cor369] - {{aiue oka}} - chamchami/1girl, {{{{kugisaki nobara, brown eyes, brown hair, large breasts, wide hips, nu s-287800461.png
[ArtistGallery] Serving image: /Users/leonmao/Pictures/SortByArtist/laserflip - butcha-u - [cor369] - {{yd_(orange_maru)}} - chamchami/1girl, {{{{kitagawa marin, pink eyes, blonde hair, large breasts, wide hips, nud s-3502463948.png
[ArtistGallery] Serving image: /Users/leonmao/Pictures/SortByArtist/laserflip - butcha-u - [cor369] - {{{aiue oka}}} - chamchami/1girl, {{{{kugisaki nobara, brown eyes, brown hair, large breasts, wide hips, nu s-3335789563.png
[ArtistGallery] Serving image: /Users/leonmao/Pictures/SortByArtist/laserflip - butcha-u - [sohn_woohyoung] - [aiue oka] - {cor369} - {{yd orange maru}} - chamchami/1girl, {{{{kugisaki nobara, brown eyes, brown hair, large breasts, wide hips, nu s-1584171265.png
[ArtistGallery] Serving image: /Users/leonmao/Pictures/SortByArtist/laserflip - butcha-u - aiue oka - {cor369} - {{yd orange maru}} - chamchami/1girl, {{{{ayase momo, brown eyes, brown hair, large breasts, wide hips, nude, n s-1334038360.png
[ArtistGallery] Serving image: /Users/leonmao/Pictures/SortByArtist/laserflip - butcha-u - sohn_woohyoung - [aiue oka] - [cor369] - {{yd orange maru}} - chamchami/1girl, {{{{ayase momo, brown eyes, brown hair, large breasts, wide hips, nude, n s-1218846361.png
[ArtistGallery] Serving image: /Users/leonmao/Pictures/SortByArtist/laserflip - butcha-u - sohn_woohyoung - [aiue oka] - {cor369} - {{cykrixai}} - chamchami/1girl, {{{{kitagawa marin, pink eyes, blonde hair, large breasts, wide hips, nud s-4017155484.png
[ArtistGallery] Serving image: /Users/leonmao/Pictures/SortByArtist/laserflip - butcha-u - sohn_woohyoung - [aiue oka] - {cor369} - {{yd orange maru}} - [pija_(pianiishimo)]/1girl, {{{{kitagawa marin, pink eyes, blonde hair, large breasts, wide hips, nud s-3695806044.png
[ArtistGallery] Serving image: /Users/leonmao/Pictures/SortByArtist/laserflip - butcha-u - sohn_woohyoung - [aiue oka] - {cor369} - {{yd orange maru}} - chamchami/1girl, {{{{ayase momo, brown eyes, brown hair, large breasts, wide hips, nude, n s-1271079303.png
[ArtistGallery] Serving image: /Users/leonmao/Pictures/SortByArtist/laserflip - butcha-u - sohn_woohyoung - [aiue oka] - {cor369} - {{{yd orange maru}}} - chamchami/1girl, {{{{kitagawa marin, pink eyes, blonde hair, large breasts, wide hips, nud s-1076069635.png
[ArtistGallery] Serving image: /Users/leonmao/Pictures/SortByArtist/laserflip - butcha-u - sohn_woohyoung - [aiue oka] - {pija_(pianiishimo)} - {{cor369}} - chamchami/1girl, {{{{kitagawa marin, pink eyes, blonde hair, large breasts, wide hips, nud s-3773608394.png
[ArtistGallery] Serving image: /Users/leonmao/Pictures/SortByArtist/laserflip - butcha-u - sohn_woohyoung - [aiue oka] - {{cor369}} - chamchami/1girl, {{{{kitagawa marin, pink eyes, blonde hair, large breasts, wide hips, nud s-1318128611.png
[ArtistGallery] Serving image: /Users/leonmao/Pictures/SortByArtist/laserflip - butcha-u - sohn_woohyoung - chamchami - {{{yd orange maru}}}/1girl, artist_ laserflip, artist_butcha-u, artist_sohn_woohyoung, artist_chamcha s-1012098433.png
[ArtistGallery] Serving image: /Users/leonmao/Pictures/SortByArtist/laserflip - butcha-u - {cor369} - {{yd orange maru}} - chamchami/1girl, {{{{ayase momo, brown eyes, brown hair, large breasts, wide hips, nude, n s-341302068.png
[ArtistGallery] Serving image: /Users/leonmao/Pictures/SortByArtist/laserflip - butcha-u - {cor369} - {{{aiue oka}}} - chamchami/1girl, {{{kitagawa marin, pink eyes, blonde hair, large breasts, wide hips, nude s-2606086635.png
[ArtistGallery] Serving image: /Users/leonmao/Pictures/SortByArtist/laserflip - butcha-u - {cor369} - {{{laserflip}}} - chamchami/1girl, {{{{Kurashiki Reika (Saimin Seishidou), blue eyes, blonde hair, large bre s-2717467529.png
[ArtistGallery] Serving image: /Users/leonmao/Pictures/SortByArtist/laserflip - butcha-u - {sohn_woohyoung} - {{{yd orange maru}}} - chamchami/1girl, {{{{kugisaki nobara, brown eyes, brown hair, large breasts, wide hips, nu s-1976712688.png
[ArtistGallery] Serving image: /Users/leonmao/Pictures/SortByArtist/laserflip - butcha-u - {thirty8ight} - [[[[cor369]]]] - {{{yd_(orange_maru)}}} - chamchami/1girl, {{{{kitagawa marin, pink eyes, blonde hair, large breasts, wide hips, nud s-2538151133.png
[ArtistGallery] Serving image: /Users/leonmao/Pictures/SortByArtist/laserflip - butcha-u - {thirty8ight} - {{{cor369}}} - chamchami/1girl, {{{{asuna (blue archive), blue eyes, blonde hair, large breasts, wide hip s-1321141618.png
[ArtistGallery] Serving image: /Users/leonmao/Pictures/SortByArtist/laserflip - butcha-u - {thirty8ight} - {{{jewel}}} - chamchami/1girl, {{{{kugisaki nobara (Jujutsu kaisen), brown eyes, brown hair, large breas s-3364710948.png
[ArtistGallery] Serving image: /Users/leonmao/Pictures/SortByArtist/laserflip - butcha-u - {thirty8ight} - {{{ponchi}}} - chamchami/1girl, {{{{kugisaki nobara (Jujutsu kaisen), brown eyes, brown hair, large breas s-1283728448.png
[ArtistGallery] Serving image: /Users/leonmao/Pictures/SortByArtist/laserflip - butcha-u - {thirty8ight} - {{{takeda hiromitsu}}} - chamchami/1girl, {{{{kugisaki nobara (Jujutsu kaisen), brown eyes, brown hair, large breas s-1515863318.png
[ArtistGallery] Serving image: /Users/leonmao/Pictures/SortByArtist/laserflip - butcha-u - {thirty8ight} - {{{yd orange maru}}}/1girl, {{{{kitagawa marin, pink eyes, blonde hair, large breasts, wide hips, nud s-1019811969.png
[ArtistGallery] Serving image: /Users/leonmao/Pictures/SortByArtist/laserflip - butcha-u - {thirty8ight} - {{{yd orange maru}}} - chamchami/1girl, {{{Miyajima Tsubaki (Saimin Seishidou), purple eyes, black hair, large br s-2010713671.png
[ArtistGallery] Serving image: /Users/leonmao/Pictures/SortByArtist/laserflip - butcha-u - {thirty8ight} - {{{yd orange maru}}} - jewel/1girl, {{{{kugisaki nobara (Jujutsu kaisen), brown eyes, brown hair, large breas s-1374634587.png
[ArtistGallery] Serving image: /Users/leonmao/Pictures/SortByArtist/laserflip - sohn_woohyoung - {sos_adult} - {{{yd orange maru}}} - Cutesexyrobutts/solo,1girl,{{viper (nikke),grey hair,red eyes,large breasts,wide hips}},artist_  s-4138227115.png
[ArtistGallery] Serving image: /Users/leonmao/Pictures/SortByArtist/laserflip - {{zhen lu}}/1girl, {{kitagawa marin, pink eyes, blonde hair, large breasts, wide hips, nude, s-333144951.png
[ArtistGallery] Serving image: /Users/leonmao/Pictures/SortByArtist/yd_(orange_maru) - [[butcha-u - hero_neisan]] - shikuta_maru/1girl, masterpiece, best quality, realistic, [dynamic angle], Bismarck Zwei (azu s-2664883079.png
[ArtistGallery] Serving image: /Users/leonmao/Pictures/SortByArtist/yd_(orange_maru) - [[butcha-u - sohn_woohyoung - cor369]] - jabara_tornado/1girl, masterpiece, best quality, realistic, dynamic angle, long eyelashes, hair s-1741336298.png
[ArtistGallery] Serving image: /Users/leonmao/Pictures/SortByArtist/yd_(orange_maru) - [[butcha-u - sohn_woohyoung - hero_neisan]] - shikuta_maru/1girl, masterpiece, best quality, realistic, [dynamic angle], Ting An (azur lane s-1823952070.png
[ArtistGallery] Serving image: /Users/leonmao/Pictures/SortByArtist/yd_(orange_maru) - [[butcha-u - sohn_woohyoung - hero_neisan]] - yoshio_(55level)/1girl, masterpiece, best quality, realistic, dynamic angle, long eyelashes, hair s-2801315242.png
[ArtistGallery] Serving image: /Users/leonmao/Pictures/SortByArtist/yd_(orange_maru) - [[butcha-u - sohn_woohyoung - laserflip]] - shikuta_maru/1girl, masterpiece, best quality, realistic, [dynamic angle, low angle], [[Eunwh s-1126925768.png
[ArtistGallery] Serving image: /Users/leonmao/Pictures/SortByArtist/yd_(orange_maru) - [[butcha-u - sohn_woohyoung]] - cor369/1girl, masterpiece, best quality, realistic, dynamic angle, long eyelashes, hair s-4009991676.png
[ArtistGallery] Serving image: /Users/leonmao/Pictures/SortByArtist/yd_(orange_maru) - [[butcha-u - sohn_woohyoung]] - fei_(maidoll)/1girl, masterpiece, best quality, realistic, dynamic angle, long eyelashes, hair s-3815415351.png
[ArtistGallery] Serving image: /Users/leonmao/Pictures/SortByArtist/yd_(orange_maru) - [[butcha-u - sohn_woohyoung]] - furau/1girl, masterpiece, best quality, realistic, dynamic angle, long eyelashes, hair s-32780644.png
[ArtistGallery] Serving image: /Users/leonmao/Pictures/SortByArtist/yd_(orange_maru) - [[butcha-u - sohn_woohyoung]] - gtunver/1girl, masterpiece, best quality, realistic, dynamic angle, long eyelashes, hair s-3309190120.png
[ArtistGallery] Serving image: /Users/leonmao/Pictures/SortByArtist/yd_(orange_maru) - [[butcha-u - sohn_woohyoung]] - jabara_tornado/1girl, masterpiece, best quality, realistic, dynamic angle, long eyelashes, hair s-1307547776.png
[ArtistGallery] Serving image: /Users/leonmao/Pictures/SortByArtist/yd_(orange_maru) - [[butcha-u - sohn_woohyoung]] - oekakizuki/1girl, masterpiece, best quality, realistic, dynamic angle, long eyelashes, hair s-2668512596.png
[ArtistGallery] Serving image: /Users/leonmao/Pictures/SortByArtist/yd_(orange_maru) - [[butcha-u - sohn_woohyoung]] - sakimichan/1girl, masterpiece, best quality, realistic, dynamic angle, long eyelashes, hair s-1494358479.png
[ArtistGallery] Serving image: /Users/leonmao/Pictures/SortByArtist/yd_(orange_maru) - [[butcha-u - sohn_woohyoung]] - shikuta_maru/1girl, masterpiece, best quality, realistic, [dynamic angle], Bismarck Zwei (azu s-292466044.png
[ArtistGallery] Serving image: /Users/leonmao/Pictures/SortByArtist/yd_(orange_maru) - [[butcha-u - sohn_woohyoung]] - yoshio_(55level)/1girl, masterpiece, best quality, realistic, [dynamic angle], Bismarck Zwei (azu s-223772191.png
[RatingsService] INFO: Loaded ratings from: /Users/leonmao/Pictures/SortByArtist/.image-ratings.json
[RatingsService] INFO: Total entries: 988
[ArtistGallery] Serving image: /Users/leonmao/Pictures/SortByArtist/yd_(orange_maru) - [[butcha-u - sohn_woohyoung - laserflip]] - shikuta_maru/1girl, masterpiece, best quality, realistic, [dynamic angle, low angle], [[Eunwh s-1126925768.png
[ArtistGallery] Successfully read metadata, prompt length: 612
[ArtistGallery] Serving image: /Users/leonmao/Pictures/SortByArtist/yd_(orange_maru) - [[butcha-u - sohn_woohyoung - laserflip]] - shikuta_maru/1girl, masterpiece, best quality, realistic, [dynamic angle, low angle], [[Eunwh s-1134098859.png
[ArtistGallery] Serving image: /Users/leonmao/Pictures/SortByArtist/yd_(orange_maru) - [[butcha-u - sohn_woohyoung - laserflip]] - shikuta_maru/1girl, masterpiece, best quality, realistic, [dynamic angle, low angle], [[Eunwh s-157746653.png
[ArtistGallery] Serving image: /Users/leonmao/Pictures/SortByArtist/yd_(orange_maru) - [[butcha-u - sohn_woohyoung - laserflip]] - shikuta_maru/1girl, masterpiece, best quality, realistic, [dynamic angle, low angle], [[Eunwh s-2705769719.png
[ArtistGallery] Serving image: /Users/leonmao/Pictures/SortByArtist/yd_(orange_maru) - [[butcha-u - sohn_woohyoung - laserflip]] - shikuta_maru/1girl, masterpiece, best quality, realistic, [dynamic angle, low angle], [[Eunwh s-4233115525.png
[ArtistGallery] Serving image: /Users/leonmao/Pictures/SortByArtist/yd_(orange_maru) - [[butcha-u - sohn_woohyoung - laserflip]] - shikuta_maru/1girl, masterpiece, best quality, realistic, [dynamic angle, low angle], [[Eunwh s-51821876.png
[ArtistGallery] Serving image: /Users/leonmao/Pictures/SortByArtist/yd_(orange_maru) - [[butcha-u - sohn_woohyoung - laserflip]] - shikuta_maru/1girl, masterpiece, best quality, realistic, [dynamic angle, low angle], [[Eunwh s-523599951.png
[ArtistGallery] Serving image: /Users/leonmao/Pictures/SortByArtist/yd_(orange_maru) - [[butcha-u - sohn_woohyoung - laserflip]] - shikuta_maru/1girl, masterpiece, best quality, realistic, [dynamic angle, low angle], [[Maide s-1646697042.png
[ArtistGallery] Serving image: /Users/leonmao/Pictures/SortByArtist/yd_(orange_maru) - [[butcha-u - sohn_woohyoung - laserflip]] - shikuta_maru/1girl, masterpiece, best quality, realistic, [dynamic angle, low angle], [[Maide s-287401010.png
[ArtistGallery] Serving image: /Users/leonmao/Pictures/SortByArtist/yd_(orange_maru) - [[butcha-u - sohn_woohyoung - laserflip]] - shikuta_maru/1girl, masterpiece, best quality, realistic, [dynamic angle, low angle], [[Maide s-3304883027.png
[ArtistGallery] Serving image: /Users/leonmao/Pictures/SortByArtist/yd_(orange_maru) - [[butcha-u - sohn_woohyoung - laserflip]] - shikuta_maru/1girl, masterpiece, best quality, realistic, [dynamic angle, low angle], [[Rapi  s-1743182489.png
[ArtistGallery] Serving image: /Users/leonmao/Pictures/SortByArtist/yd_(orange_maru) - [[butcha-u - sohn_woohyoung - laserflip]] - shikuta_maru/1girl, masterpiece, best quality, realistic, [dynamic angle, low angle], [[Rapi  s-2875991109.png
[ArtistGallery] Serving image: /Users/leonmao/Pictures/SortByArtist/yd_(orange_maru) - [[butcha-u - sohn_woohyoung - laserflip]] - shikuta_maru/1girl, masterpiece, best quality, realistic, [dynamic angle, low angle], [[Rapi  s-315952365.png
[ArtistGallery] Serving image: /Users/leonmao/Pictures/SortByArtist/yd_(orange_maru) - [[butcha-u - sohn_woohyoung - laserflip]] - shikuta_maru/1girl, masterpiece, best quality, realistic, [dynamic angle, low angle], [[frier s-3288689939.png
[ArtistGallery] Serving image: /Users/leonmao/Pictures/SortByArtist/yd_(orange_maru) - [[butcha-u - sohn_woohyoung - laserflip]] - shikuta_maru/1girl, masterpiece, best quality, realistic, [dynamic angle, low angle], [[frier s-3638845449.png
[ArtistGallery] Serving image: /Users/leonmao/Pictures/SortByArtist/yd_(orange_maru) - [[butcha-u - sohn_woohyoung - laserflip]] - shikuta_maru/1girl, masterpiece, best quality, realistic, [dynamic angle, low angle], [[fern  s-2775232190.png
[ArtistGallery] Serving image: /Users/leonmao/Pictures/SortByArtist/yd_(orange_maru) - [[butcha-u - sohn_woohyoung - laserflip]] - shikuta_maru/1girl, masterpiece, best quality, realistic, [dynamic angle, low angle], [[hasum s-311877298.png
[ArtistGallery] Serving image: /Users/leonmao/Pictures/SortByArtist/yd_(orange_maru) - [[butcha-u - sohn_woohyoung - laserflip]] - shikuta_maru/1girl, masterpiece, best quality, realistic, [dynamic angle, low angle], [[emma  s-1210428724.png
[ArtistGallery] Serving image: /Users/leonmao/Pictures/SortByArtist/yd_(orange_maru) - [[butcha-u - sohn_woohyoung - laserflip]] - shikuta_maru/1girl, masterpiece, best quality, realistic, [dynamic angle, low angle], [[frier s-1905511197.png
[ArtistGallery] Serving image: /Users/leonmao/Pictures/SortByArtist/yd_(orange_maru) - [[butcha-u - sohn_woohyoung - laserflip]] - shikuta_maru/1girl, masterpiece, best quality, realistic, [dynamic angle, low angle], [[emma  s-4068630493.png
[ArtistGallery] Serving image: /Users/leonmao/Pictures/SortByArtist/yd_(orange_maru) - [[butcha-u - sohn_woohyoung - laserflip]] - shikuta_maru/1girl, masterpiece, best quality, realistic, [dynamic angle, low angle], [[emma  s-3913334234.png
[ArtistGallery] Serving image: /Users/leonmao/Pictures/SortByArtist/yd_(orange_maru) - [[butcha-u - sohn_woohyoung - laserflip]] - shikuta_maru/1girl, masterpiece, best quality, realistic, [dynamic angle, low angle], [[fern  s-863345523.png
[ArtistGallery] Serving image: /Users/leonmao/Pictures/SortByArtist/yd_(orange_maru) - [[butcha-u - sohn_woohyoung - laserflip]] - shikuta_maru/1girl, masterpiece, best quality, realistic, [dynamic angle, low angle], [[Tia ( s-3928371534.png
[ArtistGallery] Serving image: /Users/leonmao/Pictures/SortByArtist/yd_(orange_maru) - [[butcha-u - sohn_woohyoung - laserflip]] - shikuta_maru/1girl, masterpiece, best quality, realistic, [dynamic angle, low angle], [[kazuh s-2109675837.png
[ArtistGallery] Serving image: /Users/leonmao/Pictures/SortByArtist/yd_(orange_maru) - [[butcha-u - sohn_woohyoung - laserflip]] - shikuta_maru/1girl, masterpiece, best quality, realistic, [dynamic angle, low angle], [[kazuh s-2209047759.png
[ArtistGallery] Serving image: /Users/leonmao/Pictures/SortByArtist/yd_(orange_maru) - [[butcha-u - sohn_woohyoung - laserflip]] - shikuta_maru/1girl, masterpiece, best quality, realistic, [dynamic angle, low angle], [[kazuh s-4272604892.png
[ArtistGallery] Serving image: /Users/leonmao/Pictures/SortByArtist/yd_(orange_maru) - [[butcha-u - sohn_woohyoung - laserflip]] - shikuta_maru/1girl, masterpiece, best quality, realistic, [dynamic angle, low angle], [[kuras s-2033171913.png
[ArtistGallery] Serving image: /Users/leonmao/Pictures/SortByArtist/yd_(orange_maru) - [[butcha-u - sohn_woohyoung - laserflip]] - shikuta_maru/1girl, masterpiece, best quality, realistic, [dynamic angle, low angle], [[kuras s-232053927.png
[ArtistGallery] Serving image: /Users/leonmao/Pictures/SortByArtist/yd_(orange_maru) - [[butcha-u - sohn_woohyoung - laserflip]] - shikuta_maru/1girl, masterpiece, best quality, realistic, [dynamic angle, low angle], [[kuras s-2732259351.png
[ArtistGallery] Serving image: /Users/leonmao/Pictures/SortByArtist/yd_(orange_maru) - [[butcha-u - sohn_woohyoung - laserflip]] - shikuta_maru/1girl, masterpiece, best quality, realistic, [dynamic angle, low angle], [[kuras s-3514550025.png
[ArtistGallery] Serving image: /Users/leonmao/Pictures/SortByArtist/yd_(orange_maru) - [[butcha-u - sohn_woohyoung - laserflip]] - shikuta_maru/1girl, masterpiece, best quality, realistic, [dynamic angle, low angle], [[kuras s-4034937249.png
[ArtistGallery] Serving image: /Users/leonmao/Pictures/SortByArtist/yd_(orange_maru) - [[butcha-u - sohn_woohyoung - laserflip]] - shikuta_maru/1girl, masterpiece, best quality, realistic, [dynamic angle, low angle], [[miyaj s-1243793652.png
[ArtistGallery] Serving image: /Users/leonmao/Pictures/SortByArtist/yd_(orange_maru) - [[butcha-u - sohn_woohyoung - laserflip]] - shikuta_maru/1girl, masterpiece, best quality, realistic, [dynamic angle, low angle], [[miyaj s-1275523069.png
[ArtistGallery] Serving image: /Users/leonmao/Pictures/SortByArtist/yd_(orange_maru) - [[butcha-u - sohn_woohyoung - laserflip]] - shikuta_maru/1girl, masterpiece, best quality, realistic, [dynamic angle, low angle], [[miyaj s-1594807700.png
[ArtistGallery] Serving image: /Users/leonmao/Pictures/SortByArtist/yd_(orange_maru) - [[butcha-u - sohn_woohyoung - laserflip]] - shikuta_maru/1girl, masterpiece, best quality, realistic, [dynamic angle, low angle], [[miyaj s-1842646786.png
[ArtistGallery] Serving image: /Users/leonmao/Pictures/SortByArtist/yd_(orange_maru) - [[butcha-u - sohn_woohyoung - laserflip]] - shikuta_maru/1girl, masterpiece, best quality, realistic, [dynamic angle, low angle], [[miyaj s-2409908831.png
[ArtistGallery] Serving image: /Users/leonmao/Pictures/SortByArtist/yd_(orange_maru) - [[butcha-u - sohn_woohyoung - laserflip]] - shikuta_maru/1girl, masterpiece, best quality, realistic, [dynamic angle, low angle], [[miyaj s-2427820701.png
[ArtistGallery] Serving image: /Users/leonmao/Pictures/SortByArtist/yd_(orange_maru) - [[butcha-u - sohn_woohyoung - laserflip]] - shikuta_maru/1girl, masterpiece, best quality, realistic, [dynamic angle, low angle], [[miyaj s-3124160981.png
[ArtistGallery] Serving image: /Users/leonmao/Pictures/SortByArtist/yd_(orange_maru) - [[butcha-u - sohn_woohyoung - laserflip]] - shikuta_maru/1girl, masterpiece, best quality, realistic, [dynamic angle, low angle], [[miyaj s-3182651601.png
[ArtistGallery] Serving image: /Users/leonmao/Pictures/SortByArtist/yd_(orange_maru) - [[butcha-u - sohn_woohyoung - laserflip]] - shikuta_maru/1girl, masterpiece, best quality, realistic, [dynamic angle, low angle], [[miyaj s-4132321474.png
[ArtistGallery] Serving image: /Users/leonmao/Pictures/SortByArtist/yd_(orange_maru) - [[butcha-u - sohn_woohyoung - laserflip]] - shikuta_maru/1girl, masterpiece, best quality, realistic, [dynamic angle, low angle], [[miyaj s-471785369.png
[ArtistGallery] Serving image: /Users/leonmao/Pictures/SortByArtist/yd_(orange_maru) - [[butcha-u - sohn_woohyoung - laserflip]] - shikuta_maru/1girl, masterpiece, best quality, realistic, [dynamic angle, low angle], [[miyaj s-545575393.png
[ArtistGallery] Serving image: /Users/leonmao/Pictures/SortByArtist/yd_(orange_maru) - [[butcha-u - sohn_woohyoung - laserflip]] - shikuta_maru/1girl, masterpiece, best quality, realistic, [dynamic angle, low angle], [[saori s-1781701121.png
[ArtistGallery] Serving image: /Users/leonmao/Pictures/SortByArtist/yd_(orange_maru) - [[butcha-u - sohn_woohyoung - laserflip]] - shikuta_maru/1girl, masterpiece, best quality, realistic, [dynamic angle, low angle], [[saori s-2408646674.png
[ArtistGallery] Serving image: /Users/leonmao/Pictures/SortByArtist/yd_(orange_maru) - [[butcha-u - sohn_woohyoung - laserflip]] - shikuta_maru/1girl, masterpiece, best quality, realistic, [dynamic angle, low angle], [[saori s-2533256001.png
[ArtistGallery] Serving image: /Users/leonmao/Pictures/SortByArtist/yd_(orange_maru) - [[butcha-u - sohn_woohyoung - laserflip]] - shikuta_maru/1girl, masterpiece, best quality, realistic, [dynamic angle, low angle], [[saori s-2603236109.png
[ArtistGallery] Serving image: /Users/leonmao/Pictures/SortByArtist/yd_(orange_maru) - [[butcha-u - sohn_woohyoung - laserflip]] - shikuta_maru/1girl, masterpiece, best quality, realistic, [dynamic angle, low angle], [[saori s-2821720488.png
[ArtistGallery] Serving image: /Users/leonmao/Pictures/SortByArtist/yd_(orange_maru) - [[butcha-u - sohn_woohyoung - laserflip]] - shikuta_maru/1girl, masterpiece, best quality, realistic, [dynamic angle, low angle], [[saori s-2950776207.png
[ArtistGallery] Serving image: /Users/leonmao/Pictures/SortByArtist/yd_(orange_maru) - [[butcha-u - sohn_woohyoung - laserflip]] - shikuta_maru/1girl, masterpiece, best quality, realistic, [dynamic angle, low angle], [[saori s-3494276260.png
[ArtistGallery] Serving image: /Users/leonmao/Pictures/SortByArtist/yd_(orange_maru) - [[butcha-u - sohn_woohyoung - laserflip]] - shikuta_maru/1girl, masterpiece, best quality, realistic, [dynamic angle, low angle], [[saori s-3844422267.png
[ArtistGallery] Serving image: /Users/leonmao/Pictures/SortByArtist/yd_(orange_maru) - [[butcha-u - sohn_woohyoung - laserflip]] - shikuta_maru/1girl, masterpiece, best quality, realistic, [dynamic angle, low angle], [[saori s-3969029758.png
[ArtistGallery] Serving image: /Users/leonmao/Pictures/SortByArtist/yd_(orange_maru) - [[butcha-u - sohn_woohyoung - laserflip]] - shikuta_maru/1girl, masterpiece, best quality, realistic, [dynamic angle, low angle], [[saori s-3976266522.png
[ArtistGallery] Serving image: /Users/leonmao/Pictures/SortByArtist/yd_(orange_maru) - [[butcha-u - sohn_woohyoung - laserflip]] - shikuta_maru/1girl, masterpiece, best quality, realistic, [dynamic angle, low angle], [[saori s-456258594.png
[ArtistGallery] Serving image: /Users/leonmao/Pictures/SortByArtist/yd_(orange_maru) - [[butcha-u - sohn_woohyoung - laserflip]] - shikuta_maru/1girl, masterpiece, best quality, realistic, [dynamic angle, low angle], [[saori s-698582234.png
[ArtistGallery] Serving image: /Users/leonmao/Pictures/SortByArtist/yd_(orange_maru) - [[butcha-u - sohn_woohyoung - laserflip]] - shikuta_maru/1girl, masterpiece, best quality, realistic, [dynamic angle, side angle], [[Akan s-1130904181.png
[ArtistGallery] Serving image: /Users/leonmao/Pictures/SortByArtist/yd_(orange_maru) - [[butcha-u - sohn_woohyoung - laserflip]] - shikuta_maru/1girl, masterpiece, best quality, realistic, [dynamic angle, side angle], [[Akan s-1739856817.png
[ArtistGallery] Serving image: /Users/leonmao/Pictures/SortByArtist/yd_(orange_maru) - [[butcha-u - sohn_woohyoung - laserflip]] - shikuta_maru/1girl, masterpiece, best quality, realistic, [dynamic angle, side angle], [[Evel s-1531049002.png
[ArtistGallery] Serving image: /Users/leonmao/Pictures/SortByArtist/yd_(orange_maru) - [[butcha-u - sohn_woohyoung - laserflip]] - shikuta_maru/1girl, masterpiece, best quality, realistic, [dynamic angle, side angle], [[Evel s-2592991768.png
[ArtistGallery] Serving image: /Users/leonmao/Pictures/SortByArtist/yd_(orange_maru) - [[butcha-u - sohn_woohyoung - laserflip]] - shikuta_maru/1girl, masterpiece, best quality, realistic, [dynamic angle, side angle], [[Evel s-3503937493.png
[ArtistGallery] Serving image: /Users/leonmao/Pictures/SortByArtist/yd_(orange_maru) - [[butcha-u - sohn_woohyoung - laserflip]] - shikuta_maru/1girl, masterpiece, best quality, realistic, [dynamic angle, side angle], [[Evel s-824937290.png
[ArtistGallery] Serving image: /Users/leonmao/Pictures/SortByArtist/yd_(orange_maru) - [[butcha-u - sohn_woohyoung - laserflip]] - shikuta_maru/1girl, masterpiece, best quality, realistic, [dynamic angle, side angle], [[Form s-3061627556.png
[ArtistGallery] Serving image: /Users/leonmao/Pictures/SortByArtist/yd_(orange_maru) - [[butcha-u - sohn_woohyoung - laserflip]] - shikuta_maru/1girl, masterpiece, best quality, realistic, [dynamic angle, side angle], [[Form s-3939244752.png
[ArtistGallery] Serving image: /Users/leonmao/Pictures/SortByArtist/yd_(orange_maru) - [[butcha-u - sohn_woohyoung - laserflip]] - shikuta_maru/1girl, masterpiece, best quality, realistic, [dynamic angle, side angle], [[Form s-529333832.png
[ArtistGallery] Serving image: /Users/leonmao/Pictures/SortByArtist/yd_(orange_maru) - [[butcha-u - sohn_woohyoung - laserflip]] - shikuta_maru/1girl, masterpiece, best quality, realistic, [dynamic angle, side angle], [[Gold s-117163740.png
[ArtistGallery] Serving image: /Users/leonmao/Pictures/SortByArtist/yd_(orange_maru) - [[butcha-u - sohn_woohyoung - laserflip]] - shikuta_maru/1girl, masterpiece, best quality, realistic, [dynamic angle, side angle], [[Gold s-17645140.png
[ArtistGallery] Serving image: /Users/leonmao/Pictures/SortByArtist/yd_(orange_maru) - [[butcha-u - sohn_woohyoung - laserflip]] - shikuta_maru/1girl, masterpiece, best quality, realistic, [dynamic angle, side angle], [[Gold s-2038929044.png
[ArtistGallery] Serving image: /Users/leonmao/Pictures/SortByArtist/yd_(orange_maru) - [[butcha-u - sohn_woohyoung - laserflip]] - shikuta_maru/1girl, masterpiece, best quality, realistic, [dynamic angle, side angle], [[Gold s-634329704.png
[ArtistGallery] Serving image: /Users/leonmao/Pictures/SortByArtist/yd_(orange_maru) - [[butcha-u - sohn_woohyoung - laserflip]] - shikuta_maru/1girl, masterpiece, best quality, realistic, [dynamic angle, side angle], [[Kura s-3734825008.png
[ArtistGallery] Serving image: /Users/leonmao/Pictures/SortByArtist/yd_(orange_maru) - [[butcha-u - sohn_woohyoung - laserflip]] - shikuta_maru/1girl, masterpiece, best quality, realistic, [dynamic angle, side angle], [[Rio  s-1576687025.png
[ArtistGallery] Serving image: /Users/leonmao/Pictures/SortByArtist/yd_(orange_maru) - [[butcha-u - sohn_woohyoung - laserflip]] - shikuta_maru/1girl, masterpiece, best quality, realistic, [dynamic angle, side angle], [[Rio  s-2061149512.png
[ArtistGallery] Serving image: /Users/leonmao/Pictures/SortByArtist/yd_(orange_maru) - [[butcha-u - sohn_woohyoung - laserflip]] - shikuta_maru/1girl, masterpiece, best quality, realistic, [dynamic angle, side angle], [[Rio  s-2359639501.png
[ArtistGallery] Serving image: /Users/leonmao/Pictures/SortByArtist/yd_(orange_maru) - [[butcha-u - sohn_woohyoung - laserflip]] - shikuta_maru/1girl, masterpiece, best quality, realistic, [dynamic angle, side angle], [[Rio  s-426299823.png
[ArtistGallery] Serving image: /Users/leonmao/Pictures/SortByArtist/yd_(orange_maru) - [[butcha-u - sohn_woohyoung - laserflip]] - shikuta_maru/1girl, masterpiece, best quality, realistic, [dynamic angle, side angle], [[Ting s-3016737444.png
[ArtistGallery] Serving image: /Users/leonmao/Pictures/SortByArtist/yd_(orange_maru) - [[butcha-u - sohn_woohyoung - laserflip]] - shikuta_maru/1girl, masterpiece, best quality, realistic, [dynamic angle, side angle], [[Ting s-3888743487.png
[ArtistGallery] Serving image: /Users/leonmao/Pictures/SortByArtist/yd_(orange_maru) - [[butcha-u - sohn_woohyoung - laserflip]] - shikuta_maru/1girl, masterpiece, best quality, realistic, [dynamic angle, side angle], [[kazu s-1688033930.png
[ArtistGallery] Serving image: /Users/leonmao/Pictures/SortByArtist/yd_(orange_maru) - [[butcha-u - sohn_woohyoung - laserflip]] - shikuta_maru/1girl, masterpiece, best quality, realistic, [dynamic angle, side angle], [[kazu s-1918990790.png
[ArtistGallery] Serving image: /Users/leonmao/Pictures/SortByArtist/yd_(orange_maru) - [[butcha-u - sohn_woohyoung - laserflip]] - shikuta_maru/1girl, masterpiece, best quality, realistic, [dynamic angle, side angle], [[kazu s-211556715.png
[ArtistGallery] Serving image: /Users/leonmao/Pictures/SortByArtist/yd_(orange_maru) - [[butcha-u - sohn_woohyoung - laserflip]] - shikuta_maru/1girl, masterpiece, best quality, realistic, [dynamic angle, side angle], [[kazu s-301716741.png
[ArtistGallery] Serving image: /Users/leonmao/Pictures/SortByArtist/yd_(orange_maru) - [[butcha-u - sohn_woohyoung - laserflip]] - shikuta_maru/1girl, masterpiece, best quality, realistic, [dynamic angle, side angle], [[kazu s-3107696443.png
[ArtistGallery] Serving image: /Users/leonmao/Pictures/SortByArtist/yd_(orange_maru) - [[butcha-u - sohn_woohyoung - laserflip]] - shikuta_maru/1girl, masterpiece, best quality, realistic, [dynamic angle, side angle], [[kazu s-4163538090.png
[ArtistGallery] Serving image: /Users/leonmao/Pictures/SortByArtist/yd_(orange_maru) - [[butcha-u - sohn_woohyoung - laserflip]] - shikuta_maru/1girl, masterpiece, best quality, realistic, [dynamic angle, side angle], [[kazu s-528858093.png
[ArtistGallery] Serving image: /Users/leonmao/Pictures/SortByArtist/yd_(orange_maru) - [[butcha-u - sohn_woohyoung - laserflip]] - shikuta_maru/1girl, masterpiece, best quality, realistic, [dynamic angle, side angle], [[kita s-2393268849.png
[ArtistGallery] Serving image: /Users/leonmao/Pictures/SortByArtist/yd_(orange_maru) - [[butcha-u - sohn_woohyoung - laserflip]] - shikuta_maru/1girl, masterpiece, best quality, realistic, [dynamic angle, side angle], [[kita s-2393268850.png
[ArtistGallery] Serving image: /Users/leonmao/Pictures/SortByArtist/yd_(orange_maru) - [[butcha-u - sohn_woohyoung - laserflip]] - shikuta_maru/1girl, masterpiece, best quality, realistic, [dynamic angle, side angle], [[kita s-3130984255.png
[ArtistGallery] Serving image: /Users/leonmao/Pictures/SortByArtist/yd_(orange_maru) - [[butcha-u - sohn_woohyoung - laserflip]] - shikuta_maru/1girl, masterpiece, best quality, realistic, [dynamic angle, side angle], [[kita s-3816938334.png
[ArtistGallery] Serving image: /Users/leonmao/Pictures/SortByArtist/yd_(orange_maru) - [[butcha-u - sohn_woohyoung - laserflip]] - shikuta_maru/1girl, masterpiece, best quality, realistic, [dynamic angle, side angle], [[miya s-1046764569.png
[ArtistGallery] Serving image: /Users/leonmao/Pictures/SortByArtist/yd_(orange_maru) - [[butcha-u - sohn_woohyoung - laserflip]] - shikuta_maru/1girl, masterpiece, best quality, realistic, [dynamic angle, side angle], [[miya s-1081751836.png
[ArtistGallery] Serving image: /Users/leonmao/Pictures/SortByArtist/yd_(orange_maru) - [[butcha-u - sohn_woohyoung - laserflip]] - shikuta_maru/1girl, masterpiece, best quality, realistic, [dynamic angle, side angle], [[miya s-1121715012.png
[ArtistGallery] Serving image: /Users/leonmao/Pictures/SortByArtist/yd_(orange_maru) - [[butcha-u - sohn_woohyoung - laserflip]] - shikuta_maru/1girl, masterpiece, best quality, realistic, [dynamic angle, side angle], [[miya s-1143332718.png
[ArtistGallery] Serving image: /Users/leonmao/Pictures/SortByArtist/yd_(orange_maru) - [[butcha-u - sohn_woohyoung - laserflip]] - shikuta_maru/1girl, masterpiece, best quality, realistic, [dynamic angle, side angle], [[miya s-1485494214.png
[ArtistGallery] Serving image: /Users/leonmao/Pictures/SortByArtist/yd_(orange_maru) - [[butcha-u - sohn_woohyoung - laserflip]] - shikuta_maru/1girl, masterpiece, best quality, realistic, [dynamic angle, side angle], [[miya s-1563298569.png
[ArtistGallery] Serving image: /Users/leonmao/Pictures/SortByArtist/yd_(orange_maru) - [[butcha-u - sohn_woohyoung - laserflip]] - shikuta_maru/1girl, masterpiece, best quality, realistic, [dynamic angle, side angle], [[miya s-1685612620.png
[ArtistGallery] Serving image: /Users/leonmao/Pictures/SortByArtist/yd_(orange_maru) - [[butcha-u - sohn_woohyoung - laserflip]] - shikuta_maru/1girl, masterpiece, best quality, realistic, [dynamic angle, side angle], [[miya s-201923006.png
[ArtistGallery] Serving image: /Users/leonmao/Pictures/SortByArtist/yd_(orange_maru) - [[butcha-u - sohn_woohyoung - laserflip]] - shikuta_maru/1girl, masterpiece, best quality, realistic, [dynamic angle, side angle], [[miya s-2152436306.png
[ArtistGallery] Serving image: /Users/leonmao/Pictures/SortByArtist/yd_(orange_maru) - [[butcha-u - sohn_woohyoung - laserflip]] - shikuta_maru/1girl, masterpiece, best quality, realistic, [dynamic angle, side angle], [[miya s-2241563365.png
[ArtistGallery] Serving image: /Users/leonmao/Pictures/SortByArtist/yd_(orange_maru) - [[butcha-u - sohn_woohyoung - laserflip]] - shikuta_maru/1girl, masterpiece, best quality, realistic, [dynamic angle, side angle], [[miya s-2445311710.png
[ArtistGallery] Serving image: /Users/leonmao/Pictures/SortByArtist/yd_(orange_maru) - [[butcha-u - sohn_woohyoung - laserflip]] - shikuta_maru/1girl, masterpiece, best quality, realistic, [dynamic angle, side angle], [[miya s-2489530595.png
[ArtistGallery] Serving image: /Users/leonmao/Pictures/SortByArtist/yd_(orange_maru) - [[butcha-u - sohn_woohyoung - laserflip]] - shikuta_maru/1girl, masterpiece, best quality, realistic, [dynamic angle, side angle], [[miya s-267578973.png
[ArtistGallery] Serving image: /Users/leonmao/Pictures/SortByArtist/yd_(orange_maru) - [[butcha-u - sohn_woohyoung - laserflip]] - shikuta_maru/1girl, masterpiece, best quality, realistic, [dynamic angle, side angle], [[miya s-2761815604.png
[ArtistGallery] Serving image: /Users/leonmao/Pictures/SortByArtist/yd_(orange_maru) - [[butcha-u - sohn_woohyoung - laserflip]] - shikuta_maru/1girl, masterpiece, best quality, realistic, [dynamic angle, side angle], [[miya s-2944363273.png
[ArtistGallery] Serving image: /Users/leonmao/Pictures/SortByArtist/yd_(orange_maru) - [[butcha-u - sohn_woohyoung - laserflip]] - shikuta_maru/1girl, masterpiece, best quality, realistic, [dynamic angle, side angle], [[miya s-3285913601.png
[ArtistGallery] Serving image: /Users/leonmao/Pictures/SortByArtist/yd_(orange_maru) - [[butcha-u - sohn_woohyoung - laserflip]] - shikuta_maru/1girl, masterpiece, best quality, realistic, [dynamic angle, side angle], [[miya s-335608502.png
[ArtistGallery] Serving image: /Users/leonmao/Pictures/SortByArtist/yd_(orange_maru) - [[butcha-u - sohn_woohyoung - laserflip]] - shikuta_maru/1girl, masterpiece, best quality, realistic, [dynamic angle, side angle], [[miya s-3400489327.png
[ArtistGallery] Serving image: /Users/leonmao/Pictures/SortByArtist/yd_(orange_maru) - [[butcha-u - sohn_woohyoung - laserflip]] - shikuta_maru/1girl, masterpiece, best quality, realistic, [dynamic angle, side angle], [[miya s-3592476660.png
[ArtistGallery] Serving image: /Users/leonmao/Pictures/SortByArtist/yd_(orange_maru) - [[butcha-u - sohn_woohyoung - laserflip]] - shikuta_maru/1girl, masterpiece, best quality, realistic, [dynamic angle, side angle], [[miya s-3640369152.png
[ArtistGallery] Serving image: /Users/leonmao/Pictures/SortByArtist/yd_(orange_maru) - [[butcha-u - sohn_woohyoung - laserflip]] - shikuta_maru/1girl, masterpiece, best quality, realistic, [dynamic angle, side angle], [[miya s-4089583155.png
[ArtistGallery] Serving image: /Users/leonmao/Pictures/SortByArtist/yd_(orange_maru) - [[butcha-u - sohn_woohyoung - laserflip]] - shikuta_maru/1girl, masterpiece, best quality, realistic, [dynamic angle, side angle], [[miya s-4215186503.png
[ArtistGallery] Serving image: /Users/leonmao/Pictures/SortByArtist/yd_(orange_maru) - [[butcha-u - sohn_woohyoung - laserflip]] - shikuta_maru/1girl, masterpiece, best quality, realistic, [dynamic angle, side angle], [[obat s-1525919385.png
[ArtistGallery] Serving image: /Users/leonmao/Pictures/SortByArtist/yd_(orange_maru) - [[butcha-u - sohn_woohyoung - laserflip]] - shikuta_maru/1girl, masterpiece, best quality, realistic, [dynamic angle, side angle], [[obat s-2130102692.png
[ArtistGallery] Serving image: /Users/leonmao/Pictures/SortByArtist/yd_(orange_maru) - [[butcha-u - sohn_woohyoung - laserflip]] - shikuta_maru/1girl, masterpiece, best quality, realistic, [dynamic angle, side angle], [[obat s-2485404919.png
[ArtistGallery] Serving image: /Users/leonmao/Pictures/SortByArtist/yd_(orange_maru) - [[butcha-u - sohn_woohyoung - laserflip]] - shikuta_maru/1girl, masterpiece, best quality, realistic, [dynamic angle, side angle], [[obat s-2820796232.png
[ArtistGallery] Serving image: /Users/leonmao/Pictures/SortByArtist/yd_(orange_maru) - [[butcha-u - sohn_woohyoung - laserflip]] - shikuta_maru/1girl, masterpiece, best quality, realistic, [dynamic angle, side angle], [[obat s-3150893485.png
[ArtistGallery] Serving image: /Users/leonmao/Pictures/SortByArtist/yd_(orange_maru) - [[butcha-u - sohn_woohyoung - laserflip]] - shikuta_maru/1girl, masterpiece, best quality, realistic, [dynamic angle, side angle], [[obat s-3470887997.png
[ArtistGallery] Serving image: /Users/leonmao/Pictures/SortByArtist/yd_(orange_maru) - [[butcha-u - sohn_woohyoung - laserflip]] - shikuta_maru/1girl, masterpiece, best quality, realistic, [dynamic angle, side angle], [[obat s-4187343378.png
[ArtistGallery] Serving image: /Users/leonmao/Pictures/SortByArtist/yd_(orange_maru) - [[butcha-u - sohn_woohyoung - laserflip]] - shikuta_maru/1girl, masterpiece, best quality, realistic, [dynamic angle, side angle], [[obat s-430517172.png
[ArtistGallery] Serving image: /Users/leonmao/Pictures/SortByArtist/yd_(orange_maru) - [[butcha-u - sohn_woohyoung - laserflip]] - shikuta_maru/1girl, masterpiece, best quality, realistic, [dynamic angle, side angle], [[st.  s-2780951064.png
[ArtistGallery] Serving image: /Users/leonmao/Pictures/SortByArtist/yd_(orange_maru) - [[butcha-u - sohn_woohyoung - laserflip]] - shikuta_maru/1girl, masterpiece, best quality, realistic, [dynamic angle, side angle], [[st.  s-631775898.png
[ArtistGallery] Serving image: /Users/leonmao/Pictures/SortByArtist/yd_(orange_maru) - [[butcha-u - sohn_woohyoung - laserflip]] - shikuta_maru/1girl, masterpiece, best quality, realistic, [dynamic angle], Clay (NIKKE), long s-1204288485.png
[ArtistGallery] Serving image: /Users/leonmao/Pictures/SortByArtist/yd_(orange_maru) - [[butcha-u - sohn_woohyoung - laserflip]] - shikuta_maru/1girl, masterpiece, best quality, realistic, [dynamic angle], Clay (NIKKE), long s-1276248705.png
[ArtistGallery] Serving image: /Users/leonmao/Pictures/SortByArtist/yd_(orange_maru) - [[butcha-u - sohn_woohyoung - laserflip]] - shikuta_maru/1girl, masterpiece, best quality, realistic, [dynamic angle], Clay (NIKKE), long s-2263323858.png
[ArtistGallery] Serving image: /Users/leonmao/Pictures/SortByArtist/yd_(orange_maru) - [[butcha-u - sohn_woohyoung - laserflip]] - shikuta_maru/1girl, masterpiece, best quality, realistic, [dynamic angle], Clay (NIKKE), long s-3053660094.png
[ArtistGallery] Serving image: /Users/leonmao/Pictures/SortByArtist/yd_(orange_maru) - [[butcha-u - sohn_woohyoung - laserflip]] - shikuta_maru/1girl, masterpiece, best quality, realistic, [dynamic angle], Clay (NIKKE), long s-3528638386.png
[ArtistGallery] Serving image: /Users/leonmao/Pictures/SortByArtist/yd_(orange_maru) - [[butcha-u - sohn_woohyoung - laserflip]] - shikuta_maru/1girl, masterpiece, best quality, realistic, [dynamic angle], Clay (NIKKE), long s-4019471643.png
[ArtistGallery] Serving image: /Users/leonmao/Pictures/SortByArtist/yd_(orange_maru) - [[butcha-u - sohn_woohyoung - laserflip]] - shikuta_maru/1girl, masterpiece, best quality, realistic, [dynamic angle], Clay (NIKKE), long s-898000370.png
[ArtistGallery] Serving image: /Users/leonmao/Pictures/SortByArtist/yd_(orange_maru) - [[butcha-u - sohn_woohyoung - laserflip]] - shikuta_maru/1girl, masterpiece, best quality, realistic, [dynamic angle], Clay (NIKKE), long s-993185774.png
[ArtistGallery] Serving image: /Users/leonmao/Pictures/SortByArtist/yd_(orange_maru) - [[butcha-u - sohn_woohyoung - laserflip]] - shikuta_maru/1girl, masterpiece, best quality, realistic, [dynamic angle], Maiden (NIKKE), lo s-1775315898.png
[ArtistGallery] Serving image: /Users/leonmao/Pictures/SortByArtist/yd_(orange_maru) - [[butcha-u - sohn_woohyoung - laserflip]] - shikuta_maru/1girl, masterpiece, best quality, realistic, [dynamic angle], Maiden (NIKKE), lo s-2290632682.png
[ArtistGallery] Serving image: /Users/leonmao/Pictures/SortByArtist/yd_(orange_maru) - [[butcha-u - sohn_woohyoung - laserflip]] - shikuta_maru/1girl, masterpiece, best quality, realistic, [dynamic angle], Maiden (NIKKE), lo s-3488148805.png
[ArtistGallery] Serving image: /Users/leonmao/Pictures/SortByArtist/yd_(orange_maru) - [[butcha-u - sohn_woohyoung - laserflip]] - shikuta_maru/1girl, masterpiece, best quality, realistic, [dynamic angle], Maiden (NIKKE), lo s-3741475742.png
[ArtistGallery] Serving image: /Users/leonmao/Pictures/SortByArtist/yd_(orange_maru) - [[butcha-u - sohn_woohyoung - laserflip]] - shikuta_maru/1girl, masterpiece, best quality, realistic, [dynamic angle], Maiden (NIKKE), lo s-527901352.png
[ArtistGallery] Serving image: /Users/leonmao/Pictures/SortByArtist/yd_(orange_maru) - [[butcha-u - sohn_woohyoung - laserflip]] - shikuta_maru/1girl, masterpiece, best quality, realistic, [dynamic angle], Nicole (Zenless Zo s-1687499416.png
[ArtistGallery] Serving image: /Users/leonmao/Pictures/SortByArtist/yd_(orange_maru) - [[butcha-u - sohn_woohyoung - laserflip]] - shikuta_maru/1girl, masterpiece, best quality, realistic, [dynamic angle], Nicole (Zenless Zo s-2545367900.png
[ArtistGallery] Serving image: /Users/leonmao/Pictures/SortByArtist/yd_(orange_maru) - [[butcha-u - sohn_woohyoung - laserflip]] - shikuta_maru/1girl, masterpiece, best quality, realistic, [dynamic angle], Tia (NIKKE), long  s-1186453639.png
[ArtistGallery] Serving image: /Users/leonmao/Pictures/SortByArtist/yd_(orange_maru) - [[butcha-u - sohn_woohyoung - laserflip]] - shikuta_maru/1girl, masterpiece, best quality, realistic, [dynamic angle], Tia (NIKKE), long  s-2504287499.png
[ArtistGallery] Serving image: /Users/leonmao/Pictures/SortByArtist/yd_(orange_maru) - [[butcha-u - sohn_woohyoung - laserflip]] - shikuta_maru/1girl, masterpiece, best quality, realistic, [dynamic angle], Tia (NIKKE), long  s-2527507085.png
[ArtistGallery] Serving image: /Users/leonmao/Pictures/SortByArtist/yd_(orange_maru) - [[butcha-u - sohn_woohyoung - laserflip]] - shikuta_maru/1girl, masterpiece, best quality, realistic, [dynamic angle], Tia (NIKKE), long  s-3319857026.png
[ArtistGallery] Serving image: /Users/leonmao/Pictures/SortByArtist/yd_(orange_maru) - [[butcha-u - sohn_woohyoung - laserflip]] - shikuta_maru/1girl, masterpiece, best quality, realistic, [dynamic angle], Ting An (azur lane s-288209685.png
[ArtistGallery] Serving image: /Users/leonmao/Pictures/SortByArtist/yd_(orange_maru) - [[butcha-u - sohn_woohyoung - laserflip]] - shikuta_maru/1girl, masterpiece, best quality, realistic, [dynamic angle], Ting An (azur lane s-442580632.png
[ArtistGallery] Serving image: /Users/leonmao/Pictures/SortByArtist/yd_(orange_maru) - [[butcha-u - sohn_woohyoung - laserflip]] - shikuta_maru/1girl, masterpiece, best quality, realistic, [dynamic angle], Ting An (azur lane s-524009480.png
[ArtistGallery] Serving image: /Users/leonmao/Pictures/SortByArtist/yd_(orange_maru) - [[butcha-u - sohn_woohyoung - laserflip]] - shikuta_maru/1girl, masterpiece, best quality, realistic, [dynamic angle], [[Tia (NIKKE)]], n s-1730706917.png
[ArtistGallery] Serving image: /Users/leonmao/Pictures/SortByArtist/yd_(orange_maru) - [[butcha-u - sohn_woohyoung - laserflip]] - shikuta_maru/1girl, masterpiece, best quality, realistic, [dynamic angle], [[Tia (NIKKE)]], n s-2449331995.png
[ArtistGallery] Serving image: /Users/leonmao/Pictures/SortByArtist/yd_(orange_maru) - [[butcha-u - sohn_woohyoung - laserflip]] - shikuta_maru/1girl, masterpiece, best quality, realistic, [dynamic angle], [[Tia (NIKKE)]], n s-2724220529.png
[ArtistGallery] Serving image: /Users/leonmao/Pictures/SortByArtist/yd_(orange_maru) - [[butcha-u - sohn_woohyoung - laserflip]] - shikuta_maru/1girl, masterpiece, best quality, realistic, [dynamic angle], [[Tia (NIKKE)]], n s-3129185653.png
[ArtistGallery] Serving image: /Users/leonmao/Pictures/SortByArtist/yd_(orange_maru) - [[butcha-u - sohn_woohyoung - laserflip]] - shikuta_maru/1girl, masterpiece, best quality, realistic, [dynamic angle], [[Tia (NIKKE)]], n s-4187657637.png
[ArtistGallery] Serving image: /Users/leonmao/Pictures/SortByArtist/yd_(orange_maru) - [[butcha-u - sohn_woohyoung - laserflip]] - shikuta_maru/1girl, masterpiece, best quality, realistic, [dynamic angle], [[asuna (blue arch s-1326076073.png
[ArtistGallery] Serving image: /Users/leonmao/Pictures/SortByArtist/yd_(orange_maru) - [[butcha-u - sohn_woohyoung - laserflip]] - shikuta_maru/1girl, masterpiece, best quality, realistic, [dynamic angle], [[asuna (blue arch s-151097565.png
[ArtistGallery] Serving image: /Users/leonmao/Pictures/SortByArtist/yd_(orange_maru) - [[butcha-u - sohn_woohyoung - laserflip]] - shikuta_maru/1girl, masterpiece, best quality, realistic, [dynamic angle], [[asuna (blue arch s-2936653877.png
[ArtistGallery] Serving image: /Users/leonmao/Pictures/SortByArtist/yd_(orange_maru) - [[butcha-u - sohn_woohyoung - laserflip]] - shikuta_maru/1girl, masterpiece, best quality, realistic, [dynamic angle], [[asuna (blue arch s-709968237.png
[ArtistGallery] Serving image: /Users/leonmao/Pictures/SortByArtist/yd_(orange_maru) - [[butcha-u - sohn_woohyoung - laserflip]] - shikuta_maru/1girl, masterpiece, best quality, realistic, [dynamic angle], eunhwa (NIKKE), nu s-1693376154.png
[ArtistGallery] Serving image: /Users/leonmao/Pictures/SortByArtist/yd_(orange_maru) - [[butcha-u - sohn_woohyoung - laserflip]] - shikuta_maru/1girl, masterpiece, best quality, realistic, [dynamic angle], eunhwa (NIKKE), nu s-190953188.png
[ArtistGallery] Serving image: /Users/leonmao/Pictures/SortByArtist/yd_(orange_maru) - [[butcha-u - sohn_woohyoung - laserflip]] - shikuta_maru/1girl, masterpiece, best quality, realistic, [dynamic angle], {{eunhwa (NIKKE),  s-1530412786.png
[ArtistGallery] Serving image: /Users/leonmao/Pictures/SortByArtist/yd_(orange_maru) - [[butcha-u - sohn_woohyoung - laserflip]] - shikuta_maru/1girl, {{Clay (NIKKE), red eyes, ash blonde hair,  twin tails, large breasts, wi s-1531695674.png
[ArtistGallery] Serving image: /Users/leonmao/Pictures/SortByArtist/yd_(orange_maru) - [[butcha-u - sohn_woohyoung - laserflip]] - shikuta_maru/1girl, {{Clay (NIKKE), red eyes, ash blonde hair,  twin tails, large breasts, wi s-343771138.png
[ArtistGallery] Serving image: /Users/leonmao/Pictures/SortByArtist/yd_(orange_maru) - [[butcha-u - sohn_woohyoung - laserflip]] - shikuta_maru/1girl, {{ayase momo, brown eyes, brown hair, large breasts, wide hips, nude, nak s-3547391519.png
[ArtistGallery] Successfully read metadata, prompt length: 730
[ArtistGallery] Successfully read metadata, prompt length: 736
[ArtistGallery] Successfully read metadata, prompt length: 744
[ArtistGallery] Successfully read metadata, prompt length: 731
[ArtistGallery] Successfully read metadata, prompt length: 738
[ArtistGallery] Successfully read metadata, prompt length: 753
[ArtistGallery] Successfully read metadata, prompt length: 728
[FolderOperationsRoutes] INFO: Opened file: /Users/leonmao/Pictures/SortByArtist/yd_(orange_maru) - [[butcha-u - sohn_woohyoung - laserflip]] - shikuta_maru/1girl, masterpiece, best quality, realistic, [dynamic angle, low angle], [[kuras s-3514550025.png
[ArtistGallery] Serving image: /Users/leonmao/Pictures/SortByArtist/yd_(orange_maru) - [[butcha-u - sohn_woohyoung - laserflip]] - shikuta_maru/1girl, masterpiece, best quality, realistic, [dynamic angle, low angle], [[miyaj s-1243793652.png
[ArtistGallery] Successfully read metadata, prompt length: 738
[ArtistGallery] Serving image: /Users/leonmao/Pictures/SortByArtist/yd_(orange_maru) - [[butcha-u - sohn_woohyoung - laserflip]] - shikuta_maru/1girl, masterpiece, best quality, realistic, [dynamic angle, low angle], [[miyaj s-1275523069.png
[ArtistGallery] Successfully read metadata, prompt length: 738
[ArtistGallery] Successfully read metadata, prompt length: 753
[ArtistGallery] Serving image: /Users/leonmao/Pictures/SortByArtist/yd_(orange_maru) - [[butcha-u - sohn_woohyoung - laserflip]] - shikuta_maru/1girl, masterpiece, best quality, realistic, [dynamic angle, low angle], [[miyaj s-1842646786.png
[ArtistGallery] Successfully read metadata, prompt length: 738
[ArtistGallery] Serving image: /Users/leonmao/Pictures/SortByArtist/yd_(orange_maru) - [[butcha-u - sohn_woohyoung - laserflip]] - shikuta_maru/1girl, masterpiece, best quality, realistic, [dynamic angle, low angle], [[miyaj s-1594807700.png
[FolderOperationsRoutes] INFO: Opened file: /Users/leonmao/Pictures/SortByArtist/yd_(orange_maru) - [[butcha-u - sohn_woohyoung - laserflip]] - shikuta_maru/1girl, masterpiece, best quality, realistic, [dynamic angle, low angle], [[miyaj s-1594807700.png
[ArtistGallery] Serving image: /Users/leonmao/Pictures/SortByArtist/yd_(orange_maru) - [[butcha-u - sohn_woohyoung - laserflip]] - shikuta_maru/1girl, masterpiece, best quality, realistic, [dynamic angle, low angle], [[miyaj s-2409908831.png
[ArtistGallery] Successfully read metadata, prompt length: 753
[ArtistGallery] Serving image: /Users/leonmao/Pictures/SortByArtist/yd_(orange_maru) - [[butcha-u - sohn_woohyoung - laserflip]] - shikuta_maru/1girl, masterpiece, best quality, realistic, [dynamic angle, low angle], [[miyaj s-2427820701.png
[ArtistGallery] Successfully read metadata, prompt length: 738
[ArtistGallery] Successfully read metadata, prompt length: 744
[ArtistGallery] Serving image: /Users/leonmao/Pictures/SortByArtist/yd_(orange_maru) - [[butcha-u - sohn_woohyoung - laserflip]] - shikuta_maru/1girl, masterpiece, best quality, realistic, [dynamic angle, low angle], [[miyaj s-3124160981.png
[ArtistGallery] Serving image: /Users/leonmao/Pictures/SortByArtist/yd_(orange_maru) - [[butcha-u - sohn_woohyoung - laserflip]] - shikuta_maru/1girl, masterpiece, best quality, realistic, [dynamic angle, low angle], [[miyaj s-471785369.png
[ArtistGallery] Successfully read metadata, prompt length: 736
[ArtistGallery] Serving image: /Users/leonmao/Pictures/SortByArtist/yd_(orange_maru) - [[butcha-u - sohn_woohyoung - laserflip]] - shikuta_maru/1girl, masterpiece, best quality, realistic, [dynamic angle, low angle], [[miyaj s-545575393.png
[ArtistGallery] Successfully read metadata, prompt length: 730
[ArtistGallery] Successfully read metadata, prompt length: 638
[ArtistGallery] Serving image: /Users/leonmao/Pictures/SortByArtist/yd_(orange_maru) - [[butcha-u - sohn_woohyoung - laserflip]] - shikuta_maru/1girl, masterpiece, best quality, realistic, [dynamic angle, low angle], [[saori s-2821720488.png
[ArtistGallery] Successfully read metadata, prompt length: 636
[ArtistGallery] Serving image: /Users/leonmao/Pictures/SortByArtist/yd_(orange_maru) - [[butcha-u - sohn_woohyoung - laserflip]] - shikuta_maru/1girl, masterpiece, best quality, realistic, [dynamic angle, low angle], [[saori s-456258594.png
[ArtistGallery] Successfully read metadata, prompt length: 665
[ArtistGallery] Serving image: /Users/leonmao/Pictures/SortByArtist/yd_(orange_maru) - [[butcha-u - sohn_woohyoung - laserflip]] - shikuta_maru/1girl, masterpiece, best quality, realistic, [dynamic angle, low angle], [[saori s-698582234.png
[ArtistGallery] Successfully read metadata, prompt length: 683
[ArtistGallery] Serving image: /Users/leonmao/Pictures/SortByArtist/yd_(orange_maru) - [[butcha-u - sohn_woohyoung - laserflip]] - shikuta_maru/1girl, masterpiece, best quality, realistic, [dynamic angle, side angle], [[Akan s-1130904181.png
[ArtistGallery] Successfully read metadata, prompt length: 740
[ArtistGallery] Serving image: /Users/leonmao/Pictures/SortByArtist/yd_(orange_maru) - [[butcha-u - sohn_woohyoung - laserflip]] - shikuta_maru/1girl, masterpiece, best quality, realistic, [dynamic angle, side angle], [[Form s-3061627556.png
[ArtistGallery] Successfully read metadata, prompt length: 708
[ArtistGallery] Serving image: /Users/leonmao/Pictures/SortByArtist/yd_(orange_maru) - [[butcha-u - sohn_woohyoung - laserflip]] - shikuta_maru/1girl, masterpiece, best quality, realistic, [dynamic angle, side angle], [[Evel s-3503937493.png
[ArtistGallery] Successfully read metadata, prompt length: 719
[ArtistGallery] Serving image: /Users/leonmao/Pictures/SortByArtist/yd_(orange_maru) - [[butcha-u - sohn_woohyoung - laserflip]] - shikuta_maru/1girl, masterpiece, best quality, realistic, [dynamic angle, side angle], [[Gold s-634329704.png
[ArtistGallery] Successfully read metadata, prompt length: 716
[ArtistGallery] Serving image: /Users/leonmao/Pictures/SortByArtist/yd_(orange_maru) - [[butcha-u - sohn_woohyoung - laserflip]] - shikuta_maru/1girl, masterpiece, best quality, realistic, [dynamic angle, side angle], [[Kura s-3734825008.png
[ArtistGallery] Successfully read metadata, prompt length: 687
[ArtistGallery] Serving image: /Users/leonmao/Pictures/SortByArtist/yd_(orange_maru) - [[butcha-u - sohn_woohyoung - laserflip]] - shikuta_maru/1girl, masterpiece, best quality, realistic, [dynamic angle, side angle], [[kazu s-1688033930.png
[ArtistGallery] Successfully read metadata, prompt length: 665
[ArtistGallery] Serving image: /Users/leonmao/Pictures/SortByArtist/yd_(orange_maru) - [[butcha-u - sohn_woohyoung - laserflip]] - shikuta_maru/1girl, masterpiece, best quality, realistic, [dynamic angle, side angle], [[Ting s-3888743487.png
[ArtistGallery] Successfully read metadata, prompt length: 687
[ArtistGallery] Successfully read metadata, prompt length: 671
[ArtistGallery] Serving image: /Users/leonmao/Pictures/SortByArtist/yd_(orange_maru) - [[butcha-u - sohn_woohyoung - laserflip]] - shikuta_maru/1girl, masterpiece, best quality, realistic, [dynamic angle, side angle], [[kazu s-1918990790.png
[ArtistGallery] Successfully read metadata, prompt length: 659
[ArtistGallery] Serving image: /Users/leonmao/Pictures/SortByArtist/yd_(orange_maru) - [[butcha-u - sohn_woohyoung - laserflip]] - shikuta_maru/1girl, masterpiece, best quality, realistic, [dynamic angle, side angle], [[kazu s-211556715.png
[ArtistGallery] Successfully read metadata, prompt length: 687
[ArtistGallery] Serving image: /Users/leonmao/Pictures/SortByArtist/yd_(orange_maru) - [[butcha-u - sohn_woohyoung - laserflip]] - shikuta_maru/1girl, masterpiece, best quality, realistic, [dynamic angle, side angle], [[Ting s-3016737444.png
[FolderOperationsRoutes] INFO: Opened file: /Users/leonmao/Pictures/SortByArtist/yd_(orange_maru) - [[butcha-u - sohn_woohyoung - laserflip]] - shikuta_maru/1girl, masterpiece, best quality, realistic, [dynamic angle, side angle], [[Ting s-3016737444.png
[ArtistGallery] Successfully read metadata, prompt length: 662
[ArtistGallery] Serving image: /Users/leonmao/Pictures/SortByArtist/yd_(orange_maru) - [[butcha-u - sohn_woohyoung - laserflip]] - shikuta_maru/1girl, masterpiece, best quality, realistic, [dynamic angle, low angle], [[saori s-2950776207.png
[ArtistGallery] Serving image: /Users/leonmao/Pictures/SortByArtist/yd_(orange_maru) - [[butcha-u - sohn_woohyoung - laserflip]] - shikuta_maru/1girl, masterpiece, best quality, realistic, [dynamic angle, low angle], [[frier s-3638845449.png
[ArtistGallery] Successfully read metadata, prompt length: 640
[ArtistGallery] Serving image: /Users/leonmao/Pictures/SortByArtist/yd_(orange_maru) - [[butcha-u - sohn_woohyoung - laserflip]] - shikuta_maru/1girl, masterpiece, best quality, realistic, [dynamic angle, low angle], [[Eunwh s-2705769719.png
[ArtistGallery] Successfully read metadata, prompt length: 620
[ArtistGallery] Serving image: /Users/leonmao/Pictures/SortByArtist/yd_(orange_maru) - [[butcha-u - sohn_woohyoung - laserflip]] - shikuta_maru/1girl, masterpiece, best quality, realistic, [dynamic angle, low angle], [[Eunwh s-51821876.png
[ArtistGallery] Successfully read metadata, prompt length: 626
[ArtistGallery] Serving image: /Users/leonmao/Pictures/SortByArtist/yd_(orange_maru) - [[butcha-u - sohn_woohyoung - laserflip]] - shikuta_maru/1girl, masterpiece, best quality, realistic, [dynamic angle, low angle], [[Maide s-1646697042.png
[ArtistGallery] Successfully read metadata, prompt length: 633
[ArtistGallery] Serving image: /Users/leonmao/Pictures/SortByArtist/yd_(orange_maru) - [[butcha-u - sohn_woohyoung - laserflip]] - shikuta_maru/1girl, masterpiece, best quality, realistic, [dynamic angle, low angle], [[kazuh s-4272604892.png
[ArtistGallery] Successfully read metadata, prompt length: 656
[ArtistGallery] Serving image: /Users/leonmao/Pictures/SortByArtist/yd_(orange_maru) - [[butcha-u - sohn_woohyoung - laserflip]] - shikuta_maru/1girl, masterpiece, best quality, realistic, [dynamic angle, low angle], [[kazuh s-2209047759.png
[ArtistGallery] Successfully read metadata, prompt length: 656
[ArtistGallery] Successfully read metadata, prompt length: 651
[ArtistGallery] Serving image: /Users/leonmao/Pictures/SortByArtist/yd_(orange_maru) - [[butcha-u - sohn_woohyoung - laserflip]] - shikuta_maru/1girl, masterpiece, best quality, realistic, [dynamic angle, low angle], [[kazuh s-2109675837.png
[ArtistGallery] Successfully read metadata, prompt length: 738
[ArtistGallery] Successfully read metadata, prompt length: 738
[ArtistGallery] Successfully read metadata, prompt length: 728
[ArtistGallery] Serving image: /Users/leonmao/Pictures/SortByArtist/yd_(orange_maru) - [[butcha-u - sohn_woohyoung - laserflip]] - shikuta_maru/1girl, masterpiece, best quality, realistic, [dynamic angle, low angle], [[kuras s-3514550025.png
[FolderOperationsRoutes] INFO: Opened file: /Users/leonmao/Pictures/SortByArtist/yd_(orange_maru) - [[butcha-u - sohn_woohyoung - laserflip]] - shikuta_maru/1girl, masterpiece, best quality, realistic, [dynamic angle, low angle], [[kuras s-3514550025.png
[RatingsService] INFO: Loaded ratings from: /Users/leonmao/Pictures/SortByArtist/.image-ratings.json
[RatingsService] INFO: Total entries: 988
[RatingsService] INFO: Loaded existing ratings with 988 entries
[RatingsService] INFO: Existing: 988 entries
[RatingsService] INFO: New: 988 entries
[RatingsService] INFO: Merged: 988 entries
[RatingsService] INFO: Ratings saved to: /Users/leonmao/Pictures/SortByArtist/.image-ratings.json
[RatingsService] INFO: Loaded ratings from: /Users/leonmao/Pictures/SortByArtist/.image-ratings.json
[RatingsService] INFO: Total entries: 988
[RatingsService] INFO: Loaded ratings from: /Users/leonmao/Pictures/SortByArtist/.image-ratings.json
[RatingsService] INFO: Total entries: 988
[FolderOperationsService] INFO: Successfully selected folder: /Users/leonmao/Downloads/Chrome/novelai
[FolderOperationsRoutes] INFO: Folder selected: /Users/leonmao/Downloads/Chrome/novelai
[FolderOperationsService] INFO: Successfully selected folder: /Users/leonmao/Pictures/SortByArtist
[FolderOperationsRoutes] INFO: Folder selected: /Users/leonmao/Pictures/SortByArtist
[FolderOperationsRoutes] INFO: Folder picker cancelled by user
[LegacyGrouping] INFO: Grouping from /Users/leonmao/Downloads/Chrome/novelai to /Users/leonmao/Pictures/SortByArtist (usePreSorted: false)
[LegacyGrouping] INFO: Successfully grouped 21 artist groups with 427 total images, copied 295 new images
[RatingsService] INFO: Loaded ratings from: /Users/leonmao/Pictures/SortByArtist/.image-ratings.json
[RatingsService] INFO: Total entries: 988
[ArtistGallery] Serving image: /Users/leonmao/Pictures/SortByArtist/[[jonsun - furau]] - {{sohn_woohyoung}} - artist yd_(orange_maru)/1girl, {{{kitagawa marin, pink eyes, blonde hair, large breasts, wide hips, nude s-797548953.png
[RatingsService] INFO: Loaded ratings from: /Users/leonmao/Pictures/SortByArtist/.image-ratings.json
[RatingsService] INFO: Total entries: 988
[ArtistGallery] Serving image: /Users/leonmao/Pictures/SortByArtist/[[neroma shin]] - [[laserflip - hero_neisan - kuroi_suna]]/1girl, {{{{kitagawa marin , pink eyes, blonde hair, medium breasts, medium hips, s-682834348.png
[ArtistGallery] Serving image: /Users/leonmao/Pictures/SortByArtist/[[yoshio (55level)]] - [[laserflip - hero_neisan - kuroi_suna]]/1girl, {{{{kitagawa marin , pink eyes, blonde hair, medium breasts, medium hips, s-1011156380.png
[ArtistGallery] Serving image: /Users/leonmao/Pictures/SortByArtist/[[yoshio (55level)]] - [[laserflip - hero_neisan]]/1girl, {{{{kitagawa marin , pink eyes, blonde hair, medium breasts, medium hips, s-1113030616.png
[ArtistGallery] Serving image: /Users/leonmao/Pictures/SortByArtist/[[yoshio (55level)]] - [[laserflip]] - {{{green_ketchup}}}/1girl, {{{{kitagawa marin , pink eyes, blonde hair, medium breasts, medium hips, s-3920863035.png
[ArtistGallery] Serving image: /Users/leonmao/Pictures/SortByArtist/[[yoshio (55level)]] - [[laserflip]] - {{{zhen lu}}}/1girl, {{{{kitagawa marin , pink eyes, blonde hair, medium breasts, medium hips, s-3012083644.png
[ArtistGallery] Serving image: /Users/leonmao/Pictures/SortByArtist/[[yoshio (55level)]] - [[laserflip]] - {{{zhen_lu}}}/1girl, {{{{kitagawa marin , pink eyes, blonde hair, medium breasts, medium hips, s-1481821839.png
[ArtistGallery] Serving image: /Users/leonmao/Pictures/SortByArtist/[[yoshio (55level)]] - laserflip - hero_neisan/1girl, {{{{Ruby Hoshino (oshi no ko) , red eyes, blonde hair, medium breasts, me s-4177121282.png
[ArtistGallery] Serving image: /Users/leonmao/Pictures/SortByArtist/[[yoshio (55level)]] - laserflip - hero_neisan - {zhen lu}/1girl, {{{{kitagawa marin , pink eyes, blonde hair, medium breasts, medium hips, s-3072800410.png
[ArtistGallery] Serving image: /Users/leonmao/Pictures/SortByArtist/[[yoshio (55level)]] - laserflip - hero_neisan - {{{zhen lu}}}/1girl, {{{{kitagawa marin , pink eyes, blonde hair, medium breasts, medium hips, s-1233333361.png
[RatingsService] INFO: Loaded ratings from: /Users/leonmao/Pictures/SortByArtist/.image-ratings.json
[RatingsService] INFO: Total entries: 988
[PromptGroupingService] INFO: Reprocessing /Users/leonmao/Pictures/SortByArtist
[PromptGroupingService] INFO: Found 3579 PNG files
[PromptGroupingService] INFO: Saved mapping to /Users/leonmao/Pictures/SortByArtist/.prompt-mapping.json
[RatingsService] INFO: Loaded ratings from: /Users/leonmao/Pictures/SortByArtist/.image-ratings.json
[RatingsService] INFO: Total entries: 988
[RatingsService] INFO: Loaded ratings from: /Users/leonmao/Pictures/SortByArtist/.image-ratings.json
[RatingsService] INFO: Total entries: 988
[PromptGrouping/image-metadata] Extracted prompt, artists: yd_(orange_maru), [[butcha-u, sohn_woohyoung, laserflip]], shikuta_maru
[PromptGrouping/image-metadata] Extracted prompt, artists: yd_(orange_maru), [[butcha-u, sohn_woohyoung, laserflip]], shikuta_maru
[PromptGrouping/image-metadata] Extracted prompt, artists: yd_(orange_maru), [[butcha-u, sohn_woohyoung, laserflip]], shikuta_maru
[PromptGrouping/image-metadata] Extracted prompt, artists: yd_(orange_maru), [[butcha-u, sohn_woohyoung, laserflip]], shikuta_maru
[PromptGrouping/image-metadata] Extracted prompt, artists: yd_(orange_maru), [[butcha-u, sohn_woohyoung, laserflip]], shikuta_maru
[PromptGrouping/image-metadata] Extracted prompt, artists: yd_(orange_maru), [[butcha-u, sohn_woohyoung, laserflip]], shikuta_maru
[PromptGrouping/image-metadata] Extracted prompt, artists: yd_(orange_maru), [[butcha-u, sohn_woohyoung, laserflip]], shikuta_maru
[PromptGrouping/image-metadata] Extracted prompt, artists: yd_(orange_maru), [[butcha-u, sohn_woohyoung, laserflip]], shikuta_maru
[PromptGrouping/image-metadata] Extracted prompt, artists: yd_(orange_maru), [[butcha-u, sohn_woohyoung, laserflip]], shikuta_maru
[PromptGrouping/image-metadata] Extracted prompt, artists: yd_(orange_maru), [[butcha-u, sohn_woohyoung, laserflip]], shikuta_maru
[PromptGrouping/image-metadata] Extracted prompt, artists: yd_(orange_maru), [[butcha-u, sohn_woohyoung, laserflip]], shikuta_maru
[PromptGrouping/image-metadata] Extracted prompt, artists: yd_(orange_maru), [[butcha-u, sohn_woohyoung, laserflip]], shikuta_maru
[PromptGrouping/image-metadata] Extracted prompt, artists: yd_(orange_maru), [[butcha-u, sohn_woohyoung, laserflip]], shikuta_maru
[PromptGrouping/image-metadata] Extracted prompt, artists: yd_(orange_maru), [[butcha-u, sohn_woohyoung, laserflip]], shikuta_maru
[PromptGrouping/image-metadata] Extracted prompt, artists: yd_(orange_maru), [[butcha-u, sohn_woohyoung, laserflip]], shikuta_maru
[PromptGrouping/image-metadata] Extracted prompt, artists: yd_(orange_maru), [[butcha-u, sohn_woohyoung, laserflip]], shikuta_maru
[PromptGrouping/image-metadata] Extracted prompt, artists: yd_(orange_maru), [[butcha-u, sohn_woohyoung, laserflip]], shikuta_maru
[PromptGrouping/image-metadata] Extracted prompt, artists: yd_(orange_maru), [[butcha-u, sohn_woohyoung, laserflip]], shikuta_maru
[PromptGrouping/image-metadata] Extracted prompt, artists: yd_(orange_maru), [[butcha-u, sohn_woohyoung, laserflip]], shikuta_maru
[PromptGrouping/image-metadata] Extracted prompt, artists: yd_(orange_maru), [[butcha-u, sohn_woohyoung, laserflip]], shikuta_maru
[PromptGrouping/image-metadata] Extracted prompt, artists: yd_(orange_maru), [[butcha-u, sohn_woohyoung, laserflip]], shikuta_maru
[PromptGrouping/image-metadata] Extracted prompt, artists: yd_(orange_maru), [[butcha-u, sohn_woohyoung, laserflip]], shikuta_maru
[PromptGrouping/image-metadata] Extracted prompt, artists: yd_(orange_maru), [[butcha-u, sohn_woohyoung, laserflip]], shikuta_maru
[PromptGrouping/image-metadata] Extracted prompt, artists: yd_(orange_maru), [[butcha-u, sohn_woohyoung, laserflip]], shikuta_maru
[PromptGrouping/image-metadata] Extracted prompt, artists: yd_(orange_maru), [[butcha-u, sohn_woohyoung, laserflip]], shikuta_maru
[PromptGrouping/image-metadata] Extracted prompt, artists: yd_(orange_maru), [[butcha-u, sohn_woohyoung, laserflip]], shikuta_maru
[PromptGrouping/image-metadata] Extracted prompt, artists: yd_(orange_maru), [[butcha-u, sohn_woohyoung, laserflip]], shikuta_maru
[RatingsService] INFO: Loaded ratings from: /Users/leonmao/Pictures/SortByArtist/.image-ratings.json
[RatingsService] INFO: Total entries: 988
[RatingsService] INFO: Loaded existing ratings with 988 entries
[RatingsService] INFO: Existing: 988 entries
[RatingsService] INFO: New: 988 entries
[RatingsService] INFO: Merged: 988 entries
[RatingsService] INFO: Ratings saved to: /Users/leonmao/Pictures/SortByArtist/.image-ratings.json
[RatingsService] INFO: Loaded ratings from: /Users/leonmao/Pictures/SortByArtist/.image-ratings.json
[RatingsService] INFO: Total entries: 988
[RatingsService] INFO: Loaded ratings from: /Users/leonmao/Pictures/SortByArtist/.image-ratings.json
[RatingsService] INFO: Total entries: 988
[RatingsService] INFO: Loaded ratings from: /Users/leonmao/Pictures/SortByArtist/.image-ratings.json
[RatingsService] INFO: Total entries: 988
[RatingsService] INFO: Loaded ratings from: /Users/leonmao/Pictures/SortByArtist/.image-ratings.json
[RatingsService] INFO: Total entries: 988
[PromptGrouping/image-metadata] Extracted prompt, artists: yd_(orange_maru), [[butcha-u, sohn_woohyoung, laserflip]], shikuta_maru
[PromptGrouping/image-metadata] Extracted prompt, artists: yd_(orange_maru), [[butcha-u, sohn_woohyoung, laserflip]], shikuta_maru
[RatingsService] INFO: Loaded ratings from: /Users/leonmao/Pictures/SortByArtist/.image-ratings.json
[RatingsService] INFO: Total entries: 988
[RatingsService] INFO: Loaded existing ratings with 988 entries
[RatingsService] INFO: Existing: 988 entries
[RatingsService] INFO: New: 988 entries
[RatingsService] INFO: Merged: 988 entries
[RatingsService] INFO: Ratings saved to: /Users/leonmao/Pictures/SortByArtist/.image-ratings.json
[RatingsService] INFO: Loaded ratings from: /Users/leonmao/Pictures/SortByArtist/.image-ratings.json
[RatingsService] INFO: Total entries: 988
[RatingsService] INFO: Loaded ratings from: /Users/leonmao/Pictures/SortByArtist/.image-ratings.json
[RatingsService] INFO: Total entries: 988
[RatingsService] INFO: Loaded ratings from: /Users/leonmao/Pictures/SortByArtist/.image-ratings.json
[RatingsService] INFO: Total entries: 988
[PromptGrouping/image-metadata] Extracted prompt, artists: yd_(orange_maru), [[butcha-u, sohn_woohyoung, laserflip]], shikuta_maru
[PromptGrouping/image-metadata] Extracted prompt, artists: yd_(orange_maru), [[butcha-u, sohn_woohyoung, laserflip]], shikuta_maru
[PromptGrouping/image-metadata] Extracted prompt, artists: yd_(orange_maru), [[butcha-u, sohn_woohyoung, laserflip]], shikuta_maru
[PromptGrouping/image-metadata] Extracted prompt, artists: yd_(orange_maru), [[butcha-u, sohn_woohyoung, laserflip]], shikuta_maru
[PromptGrouping/image-metadata] Extracted prompt, artists: yd_(orange_maru), [[butcha-u, sohn_woohyoung, laserflip]], shikuta_maru
[PromptGrouping/image-metadata] Extracted prompt, artists: yd_(orange_maru), [[butcha-u, sohn_woohyoung, laserflip]], shikuta_maru
[PromptGrouping/image-metadata] Extracted prompt, artists: yd_(orange_maru), [[butcha-u, sohn_woohyoung, laserflip]], shikuta_maru
[PromptGrouping/image-metadata] Extracted prompt, artists: yd_(orange_maru), [[butcha-u, sohn_woohyoung, laserflip]], shikuta_maru
[PromptGrouping/image-metadata] Extracted prompt, artists: yd_(orange_maru), [[butcha-u, sohn_woohyoung, laserflip]], shikuta_maru
[PromptGrouping/image-metadata] Extracted prompt, artists: yd_(orange_maru), [[butcha-u, sohn_woohyoung, laserflip]], shikuta_maru
[RatingsService] INFO: Loaded ratings from: /Users/leonmao/Pictures/SortByArtist/.image-ratings.json
[RatingsService] INFO: Total entries: 988
[RatingsService] INFO: Loaded existing ratings with 988 entries
[RatingsService] INFO: Existing: 988 entries
[RatingsService] INFO: New: 988 entries
[RatingsService] INFO: Merged: 988 entries
[RatingsService] INFO: Ratings saved to: /Users/leonmao/Pictures/SortByArtist/.image-ratings.json
[RatingsService] INFO: Loaded ratings from: /Users/leonmao/Pictures/SortByArtist/.image-ratings.json
[RatingsService] INFO: Total entries: 988
[RatingsService] INFO: Loaded ratings from: /Users/leonmao/Pictures/SortByArtist/.image-ratings.json
[RatingsService] INFO: Total entries: 988
[RatingsService] INFO: Loaded ratings from: /Users/leonmao/Pictures/SortByArtist/.image-ratings.json
[RatingsService] INFO: Total entries: 988
[PromptGrouping/image-metadata] Extracted prompt, artists: laserflip, [butcha-u], {cor369}, yd_(orange_maru)}, chamichami, {{hero_neisan}}, {{{sohn_woohyoung}}}
[RatingsService] INFO: Loaded ratings from: /Users/leonmao/Pictures/SortByArtist/.image-ratings.json
[RatingsService] INFO: Total entries: 988
[RatingsService] INFO: Loaded existing ratings with 988 entries
[RatingsService] INFO: Existing: 988 entries
[RatingsService] INFO: New: 988 entries
[RatingsService] INFO: Merged: 988 entries
[RatingsService] INFO: Ratings saved to: /Users/leonmao/Pictures/SortByArtist/.image-ratings.json
[RatingsService] INFO: Loaded ratings from: /Users/leonmao/Pictures/SortByArtist/.image-ratings.json
[RatingsService] INFO: Total entries: 988
[RatingsService] INFO: Loaded ratings from: /Users/leonmao/Pictures/SortByArtist/.image-ratings.json
[RatingsService] INFO: Total entries: 988
[RatingsService] INFO: Loaded ratings from: /Users/leonmao/Pictures/SortByArtist/.image-ratings.json
[RatingsService] INFO: Total entries: 988
[PromptGrouping/image-metadata] Extracted prompt, artists: yd_(orange_maru), [[butcha-u, sohn_woohyoung, laserflip]], shikuta_maru
[RatingsService] INFO: Loaded ratings from: /Users/leonmao/Pictures/SortByArtist/.image-ratings.json
[RatingsService] INFO: Total entries: 988
[RatingsService] INFO: Loaded existing ratings with 988 entries
[RatingsService] INFO: Existing: 988 entries
[RatingsService] INFO: New: 988 entries
[RatingsService] INFO: Merged: 988 entries
[RatingsService] INFO: Ratings saved to: /Users/leonmao/Pictures/SortByArtist/.image-ratings.json
[RatingsService] INFO: Loaded ratings from: /Users/leonmao/Pictures/SortByArtist/.image-ratings.json
[RatingsService] INFO: Total entries: 988
[RatingsService] INFO: Loaded ratings from: /Users/leonmao/Pictures/SortByArtist/.image-ratings.json
[RatingsService] INFO: Total entries: 988
[RatingsService] INFO: Loaded ratings from: /Users/leonmao/Pictures/SortByArtist/.image-ratings.json
[RatingsService] INFO: Total entries: 988
[PromptGrouping/image-metadata] Extracted prompt, artists: yd_(orange_maru), [[butcha-u, sohn_woohyoung, laserflip]], shikuta_maru
[RatingsService] INFO: Loaded ratings from: /Users/leonmao/Pictures/SortByArtist/.image-ratings.json
[RatingsService] INFO: Total entries: 988
[RatingsService] INFO: Loaded existing ratings with 988 entries
[RatingsService] INFO: Existing: 988 entries
[RatingsService] INFO: New: 988 entries
[RatingsService] INFO: Merged: 988 entries
[RatingsService] INFO: Ratings saved to: /Users/leonmao/Pictures/SortByArtist/.image-ratings.json
[RatingsService] INFO: Loaded ratings from: /Users/leonmao/Pictures/SortByArtist/.image-ratings.json
[RatingsService] INFO: Total entries: 988
[RatingsService] INFO: Loaded ratings from: /Users/leonmao/Pictures/SortByArtist/.image-ratings.json
[RatingsService] INFO: Total entries: 988
[RatingsService] INFO: Loaded ratings from: /Users/leonmao/Pictures/SortByArtist/.image-ratings.json
[RatingsService] INFO: Total entries: 988
[PromptGrouping/image-metadata] Extracted prompt, artists: yd_(orange_maru), [[butcha-u, sohn_woohyoung, laserflip]], shikuta_maru
[FolderOperationsRoutes] INFO: Opened file: /Users/leonmao/Pictures/SortByArtist/yd_(orange_maru) - [[butcha-u - sohn_woohyoung - laserflip]] - shikuta_maru/1girl, masterpiece, best quality, realistic, [dynamic angle, side view], [[kuras s-4108962562.png
